BEDROOMS,PROPERTY TYPE,HAS GYM,EN SUITE,SWIMMING POOL,Has DSQ,Has GARDEN,LOCATION,SELLING PRICE 
6,Villa,0,1,0,0,0,Kiambu Road,"130,000,000"
4,Townhouse,0,1,0,1,0,Kiambu Road,"26,950,000"
4,Villa,0,1,0,0,0,Ongata Rongai,"16,000,000"
5,House,0,1,0,0,0,Ngong Road,"45,000,000"
5,Townhouse,0,1,0,0,0,Lavington,"72,000,000"
5,Townhouse,0,1,0,0,0,Westlands,"46,000,000"
5,House,0,1,0,0,0,Lavington,"85,000,000"
5,Townhouse,0,1,0,0,0,Kileleshwa,"50,000,000"
5,Townhouse,0,1,0,1,0,Lavington,"75,000,000"
5,House,0,1,0,0,0,Lavington,"500,000,000"
4,House,0,1,0,0,0,Muthaiga,"140,000,000"
4,House,0,0,0,0,0,Kiserian,"15,000,000"
4,Townhouse,0,1,0,0,0,Kiambu Road,"60,000,000"
5,Townhouse,0,1,0,0,0,Lavington,"50,000,000"
5,Townhouse,0,1,0,0,0,Lavington,"55,000,000"
4,House,0,1,0,1,0,Westlands,"85,000,000"
6,Villa,0,1,0,0,0,Kiambu Road,"130,000,000"
4,House,0,1,0,0,0,Athi River,"427,000,000"
5,House,0,1,0,1,0,Kikuyu,"65,000,000"
3,House,0,0,0,1,0,Ngumo Estate,"15,000,000"
5,Townhouse,0,1,0,0,0,Westlands,"55,000,000"
4,House,0,1,0,1,0,Kiambu Road,"85,000,000"
4,Townhouse,0,0,1,0,0,Westlands,"48,000,000"
5,House,0,0,1,0,0,Westlands,"130,000,000"
4,Townhouse,1,0,0,0,0,Westlands,"88,000,000"
4,NOT PROVIDED,0,0,0,0,0,Langata,"27,000,000"
5,Townhouse,0,0,0,0,0,Westlands,"150,000,000"
5,Townhouse,0,0,1,0,0,Westlands,"120,000,000"
6,Villa,0,1,0,0,0,Lavington,"110,000,000"
5,Villa,0,0,1,0,0,Watamu,"90,000,000"
3,Villa,0,1,0,0,0,Westlands,"85,000,000"
4,House,0,1,0,0,0,Nyali,"35,000,000"
4,Villa,0,1,0,0,0,Nyali,"59,000,000"
4,House,0,1,0,0,0,Westlands,"90,000,000"
6,House,0,0,0,0,0,Westlands,"150,000,000"
5,House,0,0,1,0,0,Naivasha,"95,000,000"
4,Townhouse,1,0,0,0,0,Kiambu Road,"24,000,000"
4,House,0,1,0,0,0,Ruiru,"20,000,000"
5,Townhouse,0,1,0,0,0,Westlands,"90,000,000"
4,House,0,1,0,0,0,Ruiru,"23,000,000"
4,Townhouse,0,0,0,0,0,Westlands,"130,000,000"
5,House,0,1,0,0,0,Westlands,"60,000,000"
4,House,0,1,0,0,0,Nyali,"45,000,000"
4,Townhouse,0,1,0,1,0,Lavington,"50,000,000"
4,House,0,1,0,0,0,Westlands,"115,000,000"
4,NOT PROVIDED,0,0,0,0,0,Nyali,"38,000,000"
5,Villa,0,1,0,0,0,Ngong,"16,500,000"
3,House,0,1,0,0,0,Kiambu Road,"32,250,000"
4,House,0,1,0,0,0,Ruiru,"20,000,000"
4,Villa,0,1,0,1,0,Westlands,"65,000,000"
4,NOT PROVIDED,0,0,0,0,0,Westlands,"39,000,000"
3,House,0,1,0,1,0,Ruiru,"9,500,000"
4,NOT PROVIDED,0,0,0,0,0,Langata,"15,000,000"
4,House,0,1,0,0,0,Broadway,"16,500,000"
3,NOT PROVIDED,0,0,0,0,0,Ngumo Estate,"16,000,000"
3,Townhouse,0,1,0,0,0,Mombasa Island,"28,000,000"
4,Villa,0,1,0,0,0,Bamburi,"8,950,000"
4,Villa,0,1,0,0,0,Mtwapa,"85,000,000"
5,Townhouse,0,1,0,1,0,Lavington,"50,600,000"
6,House,0,1,0,0,0,Nyali,"150,000,000"
4,NOT PROVIDED,0,0,0,0,0,Kilimani,"55,000,000"
4,NOT PROVIDED,0,0,0,0,0,Mtwapa,"75,000,000"
4,Townhouse,0,1,0,0,0,Kiambu Road,"28,000,000"
5,House,0,1,0,0,0,Kenyatta Road,"38,000,000"
5,House,0,1,0,0,0,Kiambu Road,"70,250,000"
4,House,0,1,0,0,0,Vipingo,"140,000,000"
4,House,0,1,0,0,0,Malindi,"85,000,000"
3,House,0,1,0,1,0,Ruiru,"9,500,000"
5,Townhouse,0,1,0,1,0,Kikuyu,"19,000,000"
6,Villa,0,1,0,0,0,Westlands,"155,000,000"
3,Villa,0,1,0,0,0,Malindi,"20,000,000"
4,Villa,0,1,0,0,0,Malindi,"20,000,000"
6,House,0,1,0,0,0,Karen,"180,000,000"
4,House,0,1,0,0,0,Syokimau,"38,500,000"
3,House,0,1,0,0,0,Ongata Rongai,"5,300,000"
4,House,0,1,0,0,0,Kikuyu,"8,500,000"
4,Townhouse,0,1,0,1,0,Westlands,"29,999,000"
5,Townhouse,0,1,0,0,0,Kitengela,"25,000,000"
4,NOT PROVIDED,0,0,0,0,0,Lavington,"72,499,999"
3,House,0,1,0,0,0,Juja,"7,200,000"
4,House,0,1,0,0,0,Nyali,"90,000,000"
3,Townhouse,0,1,0,0,0,Animo,"6,500,000"
3,NOT PROVIDED,0,0,0,0,0,Langata,"26,500,000"
4,House,0,1,0,0,0,Langata,"17,000,000"
5,House,0,1,0,0,0,Westlands,"64,990,000"
4,Townhouse,0,1,0,0,0,Lavington,"70,000,000"
4,Villa,0,1,0,0,0,Mtwapa,"35,000,000"
5,Villa,0,1,0,0,0,Ruiru,"28,000,000"
5,House,0,1,0,0,0,Ruaka,"30,500,000"
3,Townhouse,0,1,0,0,0,Nyali,"17,000,000"
5,House,0,1,0,0,0,Westlands,"100,000,000"
4,Townhouse,0,1,0,0,0,Westlands,"29,500,000"
5,House,0,1,0,0,0,Ruiru-Githunguri Road,"15,500,000"
4,House,0,1,0,0,0,Muchatha and Banana,"14,500,000"
3,Townhouse,0,0,1,0,0,Mtwapa,"7,500,000"
3,Townhouse,0,1,0,0,0,Nyali,"20,000,000"
4,Townhouse,0,1,0,0,0,Nyali Area,"65,000,000"
4,House,0,1,0,0,0,Muthaiga,"27,000,000"
5,Villa,0,1,0,0,0,Westlands,"150,000,000"
5,Villa,0,1,0,0,0,Lavington,"75,000,000"
3,Townhouse,0,1,0,0,0,Kilimani,"38,000,000"
4,House,0,0,1,0,0,Westlands,"150,000,000"
3,Villa,0,1,0,0,0,Mtwapa,"31,500,000"
4,House,0,1,0,0,0,Ngong,"27,000,000"
4,Townhouse,0,1,0,0,0,Kiambu Road,"24,000,000"
3,Townhouse,0,0,0,0,0,Ngong Road,"16,200,000"
3,House,0,1,0,0,0,Ruiru,"6,800,000"
4,House,0,1,0,0,0,Kenyatta Road,"27,000,000"
5,House,0,1,0,0,0,Nyali,"70,000,000"
5,Villa,0,1,0,0,0,Lavington,"65,000,000"
5,House,0,1,0,0,0,Lavington,"75,000,000"
4,Townhouse,0,1,0,0,0,Kamulu Joska Malaa,"11,500,000"
6,House,0,1,0,0,0,Westlands,"295,000,000"
3,NOT PROVIDED,0,0,0,0,0,Buruburu,"10,300,000"
4,Townhouse,0,1,0,0,0,Kilifi,"14,000,000"
4,Townhouse,0,1,0,0,0,Lavington,"75,000,000"
3,House,0,1,0,0,0,Ngumo Estate,"22,500,000"
4,Villa,0,1,0,0,0,Westlands,"85,000,000"
6,Villa,0,1,0,0,0,Lavington,"121,000,000"
3,House,0,1,0,0,1,Mtwapa,"7,500,000"
4,Townhouse,0,1,0,0,0,Athi River,"8,850,000"
5,Villa,0,1,0,0,0,Syokimau,"22,500,000"
4,NOT PROVIDED,0,0,0,0,0,Muthaiga,"170,000,000"
5,NOT PROVIDED,0,0,0,0,0,Kileleshwa,"59,000,000"
4,House,0,1,0,0,0,Nyali,"55,000,000"
5,Villa,0,1,0,1,0,Karen,"99,000,000"
3,House,0,1,0,0,0,Ngong,"7,600,000"
5,House,0,1,0,0,0,Westlands,"83,000,000"
4,House,0,0,0,0,0,Karen Hardy,"75,000,000"
4,Townhouse,0,1,0,0,0,Lavington,"35,000,000"
5,Townhouse,0,1,0,0,0,Ruiru,"20,000,000"
4,Townhouse,0,1,0,0,0,Westlands,"60,000,000"
4,House,0,1,0,0,0,Ruiru,"12,500,000"
5,Villa,0,1,0,0,0,Ngong,"31,000,000"
6,House,0,1,0,0,0,Westlands,"70,000,000"
6,NOT PROVIDED,0,0,0,1,0,Lavington,"121,000,000"
3,House,0,1,0,0,0,Kenyatta Road,"7,700,000"
4,Townhouse,0,1,0,0,0,Westlands,"60,000,000"
5,House,0,0,0,0,0,Westlands,"40,000,000"
5,Townhouse,0,1,0,0,0,Katani,"18,500,000"
5,NOT PROVIDED,0,0,0,0,0,Westlands,"48,000,000"
4,Villa,0,1,0,0,0,Ruiru,"19,500,000"
4,Villa,0,1,0,0,0,Karen,"60,000,000"
5,Villa,0,1,0,0,0,Lavington,"74,000,000"
3,House,0,1,0,0,0,Jumba Ruins,"45,000,000"
3,NOT PROVIDED,0,0,0,0,0,Kitengela,"6,500,000"
4,House,0,1,0,0,0,Kitengela,"15,500,000"
4,House,0,1,0,0,0,Karen,"75,000,000"
4,House,0,1,0,0,0,Muchatha and Banana,"22,500,000"
4,House,0,0,0,0,0,Nanyuki,"69,000,000"
5,House,0,1,0,0,0,Westlands,"160,000,000"
5,House,0,1,0,0,0,Westlands,"145,000,000"
6,Villa,0,1,0,0,0,Lavington,"121,000,000"
3,House,0,1,0,0,1,Mtwapa,"7,500,000"
4,House,0,1,0,0,0,Kitengela,"34,000,000"
4,House,0,1,0,0,0,Kilimani,"38,000,000"
3,NOT PROVIDED,0,0,0,0,0,Buruburu,"13,000,000"
3,House,0,1,0,1,0,Juja,"7,200,000"
4,Townhouse,0,1,0,1,0,Westlands,"90,000,000"
3,Townhouse,0,1,0,0,0,Ruiru,"10,500,000"
5,Townhouse,0,1,0,0,0,Westlands,"48,000,000"
4,Villa,0,1,0,0,0,Eastern ByPass,"21,000,000"
5,Townhouse,0,1,0,0,0,Westlands,"70,000,000"
4,NOT PROVIDED,0,0,0,0,0,Limuru,"17,500,000"
3,Villa,0,1,0,0,0,Mtwapa,"30,000,000"
4,House,0,1,0,0,0,Nyali,"70,000,000"
4,Townhouse,0,1,0,0,0,Ruiru,"12,600,000"
3,House,0,1,0,1,0,Mombasa Road,"13,500,000"
6,Villa,0,1,0,0,0,Nyali,"64,000,000"
5,House,0,1,0,0,1,Kitengela,"16,499,000"
5,Townhouse,0,1,0,0,0,Lavington,"95,000,000"
5,Townhouse,0,1,0,0,0,Westlands,"65,000,000"
4,House,0,1,0,0,0,Kikambala,"25,000,000"
4,Townhouse,0,1,0,0,0,Westlands,"56,000,000"
3,NOT PROVIDED,0,0,0,0,0,Ngong,"13,000,000"
3,Villa,0,1,0,0,0,Ukunda,"60,000,000"
5,Townhouse,0,1,0,0,0,Kileleshwa,"350,000,000"
4,Villa,0,1,0,0,0,Mombasa Island,"11,950,000"
8,Villa,0,1,0,0,0,Gasaro,"22,500,000"
3,Villa,0,1,0,0,0,Kiserian,"6,100,000"
3,House,0,1,0,0,0,Kikuyu,"12,100,000"
4,Townhouse,0,1,0,0,0,Kiambu Road,"24,000,000"
4,House,0,1,0,0,0,Ruiru,"26,000,000"
3,Townhouse,0,1,0,0,0,Kikuyu,"9,500,000"
3,House,0,1,0,0,0,Kisumu,"11,000,000"
2,House,0,1,0,0,0,Kikambala,"13,500,000"
4,NOT PROVIDED,0,0,0,0,0,Westlands,"300,000,000"
4,Townhouse,0,1,0,0,0,Westlands,"55,000,000"
7,House,0,0,1,0,0,Karen,"125,000,000"
4,Townhouse,0,1,0,0,0,Ruaka,"17,000,000"
4,House,0,1,0,0,0,Karen,"68,000,000"
4,Villa,0,1,0,0,0,Nyali,"72,000,000"
4,House,0,1,0,0,0,Ruiru,"12,600,000"
4,Townhouse,0,1,0,0,0,Mtwapa,"14,200,000"
5,NOT PROVIDED,0,0,0,0,0,Westlands,"100,000,000"
3,House,0,1,0,0,0,Ruiru,"8,500,000"
3,House,0,1,0,0,0,Juja,"6,750,000"
5,House,0,1,0,0,0,South C,"38,000,000"
5,Townhouse,0,1,0,0,0,Lavington,"75,000,000"
4,NOT PROVIDED,0,0,0,0,0,Karen,"63,000,000"
3,House,0,1,0,0,0,Kikambala,"55,000,000"
3,House,0,1,0,0,0,Athi River,"12,500,000"
4,Villa,0,1,0,0,0,Kitengela,"14,500,000"
3,Villa,0,1,0,0,0,Mtwapa,"31,500,000"
5,NOT PROVIDED,0,0,0,0,0,Karen,"90,000,000"
3,House,0,1,0,0,0,Nyali,"22,000,000"
4,House,0,1,0,0,0,Nyali,"15,000,000"
3,House,0,0,0,0,0,Ruiru,"6,500,000"
4,Townhouse,0,1,0,0,0,Lavington,"60,000,000"
4,House,0,1,0,0,0,Lavington,"66,000,000"
3,House,0,1,0,0,0,Kitengela,"6,000,000"
5,House,0,1,0,0,0,Westlands,"150,000,000"
3,House,0,0,0,0,0,Ongata Rongai,"10,500,000"
4,Townhouse,0,1,0,0,0,Lavington,"70,000,000"
5,Villa,0,1,0,0,0,Westlands,"90,000,000"
5,House,0,1,0,0,0,Westlands,"95,000,000"
6,House,0,1,0,0,0,Muthaiga,"650,000,000"
3,House,0,1,0,0,0,Westlands,"9,500,000"
4,Townhouse,0,1,0,0,0,Ongata Rongai,"12,500,000"
4,House,0,1,0,0,0,Westlands,"90,000,000"
2,House,0,1,0,0,0,Kileleshwa,"20,000,000"
5,House,0,1,0,0,0,Karen,"110,000,000"
4,Villa,0,1,0,0,1,Thika Road,"29,000,000"
4,Villa,0,1,0,0,0,Neptune,"95,000,000"
5,Townhouse,0,1,0,0,0,Lavington,"105,000,000"
4,Villa,0,1,0,0,0,Kenyatta Road,"10,500,000"
5,House,0,1,0,0,0,Karen,"100,000,000"
4,Villa,0,1,0,1,0,South C,"29,000,000"
5,Townhouse,0,1,0,1,0,Langata,"25,000,000"
4,House,0,1,0,1,0,Limuru,"40,000,000"
5,Villa,0,1,0,0,0,Karen,"135,000,000"
6,NOT PROVIDED,0,0,0,0,0,Karen,"180,000,000"
3,House,0,0,0,0,0,Thika,"6,500,000"
6,House,0,1,0,0,0,Westlands,"100,000,000"
4,Villa,0,1,0,0,0,Limuru,"16,500,000"
8,NOT PROVIDED,0,0,0,0,0,Karen,"200,000,000"
3,NOT PROVIDED,0,0,0,0,0,Buruburu,"10,500,000"
5,House,0,1,0,0,0,Syokimau,"12,000,000"
2,House,0,1,0,0,0,Watamu,"26,000,000"
3,NOT PROVIDED,0,0,0,0,0,Malindi,"72,000,000"
5,Townhouse,0,1,0,0,0,Lavington,"48,000,000"
5,NOT PROVIDED,0,0,0,0,0,Westlands,"250,000,000"
4,House,0,1,0,0,0,Vipingo,"35,000,000"
3,Townhouse,0,1,0,0,0,Athi River,"11,000,000"
5,Townhouse,0,1,0,0,0,Nyali,"45,000,000"
3,Villa,0,1,0,0,0,Mtwapa,"58,000,000"
4,House,0,1,0,0,0,Karen,"75,000,000"
3,House,0,1,0,0,0,Ruiru,"6,500,000"
4,Villa,0,1,0,0,0,Mombasa Island,"150,000,000"
4,Townhouse,0,1,0,0,0,Kilimani,"29,000,000"
4,NOT PROVIDED,0,0,0,0,0,Nyali,"56,000,000"
3,NOT PROVIDED,0,0,0,0,0,Kitengela,"4,500,000"
3,House,0,1,0,1,0,Athi River,"14,000,000"
4,House,0,1,0,0,0,Kenyatta Road,"38,000,000"
5,Villa,0,1,0,0,0,Westlands,"55,000,000"
3,Townhouse,0,1,0,0,0,South B,"13,000,000"
2,Villa,0,1,0,0,0,Diani,"45,000,000"
4,Townhouse,0,1,0,1,0,Kilimani,"30,000,000"
3,House,0,1,0,0,0,Ruiru,"10,500,000"
5,Townhouse,0,1,0,0,0,Karen,"100,000,000"
4,Townhouse,0,0,1,0,0,Westlands,"30,500,000"
4,House,0,1,0,0,0,Kiambu Road,"28,000,000"
4,House,0,1,0,0,0,Lavington,"80,000,000"
3,House,0,0,0,0,0,Ngong,"5,700,000"
4,House,0,1,0,0,0,Karen,"31,000,000"
4,House,0,1,0,0,0,Mtwapa,"26,500,000"
4,House,0,1,0,0,0,Ngong,"17,500,000"
3,Townhouse,0,1,0,0,0,Kilimani,"35,000,000"
3,House,0,1,0,0,0,Ukunda,"33,000,000"
6,House,0,1,0,0,0,Ruiru,"35,000,000"
4,House,0,0,0,0,0,Langata,"26,000,000"
6,House,0,1,0,0,0,Lavington,"135,000,000"
3,House,0,0,0,0,0,Naivasha,"14,000,000"
5,House,0,1,0,0,0,Westlands,"75,000,000"
4,Townhouse,0,1,0,1,0,Ngong,"18,500,000"
5,House,0,1,0,0,0,Nairobi,"50,000,000"
4,Townhouse,0,1,0,1,0,Lavington,"67,000,000"
4,Townhouse,0,1,0,0,0,Westlands,"150,000,000"
4,House,0,1,0,0,0,Kiambu Road,"29,000,000"
4,Villa,0,1,0,0,0,Mombasa Road,"30,000,000"
4,House,0,1,0,0,0,Kiambu Road,"38,500,000"
3,Townhouse,0,1,0,0,0,Ridgeways,"75,000,000"
5,Townhouse,0,1,0,0,0,Lavington,"45,000,000"
3,Villa,0,1,0,0,0,Malindi,"27,500,000"
5,Townhouse,0,1,0,0,0,Lavington,"67,500,000"
3,House,0,1,0,0,0,Kikuyu,"7,800,000"
4,Townhouse,0,1,0,0,0,Ngong,"12,500,000"
5,House,0,1,0,0,0,Westlands,"250,000,000"
4,Townhouse,0,1,0,0,0,Kiambu Road,"25,945,000"
6,House,0,1,0,0,0,Jamhuri,"20,000,000"
4,NOT PROVIDED,0,0,0,0,0,Syokimau,"23,000,000"
4,Townhouse,0,1,0,0,0,South C,"24,000,000"
5,Townhouse,0,1,0,0,0,Westlands,"105,000,000"
5,House,0,1,0,0,0,Karen,"99,000,000"
4,Townhouse,0,1,0,0,0,Kileleshwa,"200,000,000"
4,House,0,1,0,0,0,Ruiru,"17,000,000"
5,Townhouse,0,0,0,0,0,Lavington,"65,000,000"
5,Townhouse,0,1,0,0,0,Ngong,"23,000,000"
4,NOT PROVIDED,0,0,0,0,0,Langata,"37,000,000"
4,Townhouse,0,1,0,0,0,Kitengela,"17,000,000"
6,House,0,0,0,0,0,Westlands,"125,000,000"
6,House,0,1,0,0,0,Murang'a County,"15,000,000"
3,Townhouse,0,1,0,0,0,Kiambu Road,"43,000,000"
6,House,0,1,0,0,0,Muthaiga,"350,000,000"
7,House,0,1,0,0,0,Westlands,"130,000,000"
4,House,0,1,0,0,0,Kiambu Road,"61,950,000"
5,House,0,1,0,0,0,Westlands,"130,000,000"
4,House,0,1,0,0,0,Kiambu Road,"24,500,000"
4,Villa,0,1,0,0,0,Posta Mtwapa,"20,000,000"
3,Townhouse,0,1,0,0,0,Kitengela,"7,200,000"
5,Townhouse,0,1,0,0,0,Westlands,"87,000,000"
4,House,0,1,0,0,0,Westlands,"250,000,000"
3,House,0,1,0,0,0,Syokimau,"13,000,000"
4,Townhouse,0,1,0,0,0,Kiambu Road,"28,000,000"
5,NOT PROVIDED,0,0,0,0,0,Kileleshwa,"60,000,000"
5,Townhouse,0,1,0,0,0,Lavington,"55,000,000"
3,House,0,1,0,0,0,Nyali,"13,500,000"
5,House,0,1,0,0,0,Westlands,"128,000,000"
6,House,0,1,0,0,0,Westlands,"180,000,000"
5,Townhouse,0,1,0,1,0,Westlands,"39,000,000"
3,House,0,1,0,0,0,Kikambala,"12,000,000"
4,Villa,0,1,0,0,0,Vipingo,"75,000,000"
4,Villa,0,1,0,0,0,Kikambala,"85,000,000"
5,House,0,1,0,0,0,Westlands,"75,000,000"
4,House,0,1,0,0,0,Kiambu Road,"37,500,000"
5,House,0,1,0,0,0,Westlands,"250,000,000"
4,House,0,1,0,0,0,Nyali,"33,000,000"
4,House,0,0,0,0,0,Milimani,"6,300,000"
3,NOT PROVIDED,0,0,0,1,0,South C,"19,000,000"
3,House,0,1,0,0,0,Ruiru,"8,500,000"
4,House,0,1,0,0,0,Kitengela,"6,000,000"
6,House,0,1,0,0,0,Westlands,"150,000,000"
4,Townhouse,0,1,0,0,0,Lavington,"55,000,000"
5,Townhouse,0,1,0,0,0,Ruiru,"20,000,000"
4,Villa,0,1,0,0,0,Mombasa Island,"11,950,000"
3,House,0,1,0,0,0,Ongata Rongai,"7,000,000"
4,Townhouse,0,1,0,0,0,Thika,"12,000,000"
5,Townhouse,0,1,0,0,0,Westlands,"160,000,000"
4,Villa,0,1,0,0,0,Ruiru,"10,500,000"
3,House,0,1,0,0,0,Syokimau,"8,000,000"
5,NOT PROVIDED,0,0,0,0,0,Lavington,"80,000,000"
4,Townhouse,0,1,0,1,0,Lavington,"40,000,000"
6,Townhouse,0,1,0,0,0,Lavington,"121,000,000"
3,House,0,1,0,0,0,Kisaju,"5,800,000"
6,House,0,1,0,0,0,Nyali Area,"78,000,000"
4,House,0,1,0,0,0,Ngong,"13,800,000"
6,House,0,1,0,0,0,Karen,"120,000,000"
4,Townhouse,0,1,0,0,0,Syokimau,"14,500,000"
4,House,0,0,0,0,0,Westlands,"83,000,000"
5,House,0,1,0,0,0,Westlands,"90,000,000"
4,House,0,1,0,0,0,Roysambu,"60,000,000"
5,Townhouse,0,1,0,0,0,Lavington,"85,000,000"
1,House,0,1,0,0,0,Westlands,"220,000,000"
2,Villa,0,1,0,0,0,Kiambu Road,"19,250,000"
3,House,0,1,0,1,0,Kamulu Joska Malaa,"8,150,000"
5,House,0,1,0,0,0,Kileleshwa,"48,000,000"
4,House,0,1,0,0,0,Naivasha,"165,000,000"
4,Townhouse,0,1,0,0,0,Lavington,"70,000,000"
5,NOT PROVIDED,0,0,0,0,0,Kileleshwa,"65,000,000"
5,Villa,0,1,0,0,0,Karen,"110,000,000"
5,NOT PROVIDED,0,0,0,0,1,Lavington,"85,000,000"
4,House,0,1,0,0,0,Karen,"88,000,000"
3,Villa,0,1,0,0,0,Ngong,"12,500,000"
6,House,0,1,0,0,0,Westlands,"155,000,000"
4,House,0,0,0,0,0,Kitengela,"23,000,000"
3,Townhouse,0,1,0,0,0,Kitengela,"12,300,000"
6,Villa,0,1,0,0,0,Westlands,"100,000,000"
5,House,0,1,0,0,0,Karen,"100,000,000"
3,Villa,0,1,0,0,0,Kiambu Road,"25,000,000"
3,Townhouse,0,1,0,0,0,Mtwapa,"8,500,000"
4,NOT PROVIDED,0,0,0,0,0,Kilifi County,"13,000,000"
4,NOT PROVIDED,0,0,0,0,0,Langata,"26,500,000"
4,Townhouse,0,1,0,0,0,Ngong,"14,500,000"
4,Townhouse,0,1,0,0,0,Kenyatta Road,"14,750,000"
4,Villa,0,1,0,0,0,Watamu,"29,990,000"
3,House,0,1,0,1,0,Juja,"7,200,000"
4,Townhouse,0,1,0,0,0,Westlands,"41,000,000"
4,Townhouse,0,1,0,0,0,Lavington,"68,000,000"
4,House,0,1,0,0,0,Shanzu,"45,000,000"
6,House,0,0,0,0,0,Ridgeways,"145,000,000"
4,House,0,1,0,0,0,South C,"37,500,000"
4,Townhouse,0,1,0,0,0,Kikuyu,"15,000,000"
4,House,0,1,0,0,0,Kiambu Road,"40,750,000"
6,Townhouse,0,1,0,0,0,Ongata Rongai,"36,000,000"
5,House,0,1,0,0,0,Syokimau,"50,000,000"
4,House,0,1,0,0,0,Karen,"140,000,000"
4,House,0,1,0,1,0,Thika Road,"15,500,000"
5,Villa,0,1,0,0,0,Westlands,"105,000,000"
7,House,0,1,0,0,0,Westlands,"250,000,000"
3,House,0,1,0,0,0,Athi River,"10,250,000"
4,House,0,1,0,0,0,Kilifi County,"170,000,000"
3,NOT PROVIDED,0,0,0,0,0,Thindigua,"14,000,000"
4,Townhouse,0,1,0,0,0,South C,"32,000,000"
4,Townhouse,0,1,0,0,0,Ruiru,"15,000,000"
5,Townhouse,0,1,0,0,0,Lavington,"78,000,000"
3,Townhouse,0,1,0,0,0,Syokimau,"7,250,000"
5,House,0,1,0,0,0,Muthaiga,"250,000,000"
4,Townhouse,0,1,0,0,0,Karen,"68,000,000"
4,Villa,0,1,0,0,0,Kiambu Road,"45,000,000"
3,House,0,1,0,0,0,Kikuyu,"10,000,000"
5,Townhouse,0,1,0,0,0,Lavington,"50,000,000"
4,House,0,1,0,0,0,Kiambu Road,"65,000,000"
4,House,0,1,0,0,0,South B,"28,500,000"
3,Villa,0,1,0,0,0,Aloo drive,"65,000,000"
4,Townhouse,0,1,0,0,0,Lavington,"67,000,000"
4,House,0,1,0,0,0,Shanzu,"55,000,000"
3,House,0,1,0,0,0,Kikambala,"17,500,000"
4,Townhouse,0,1,0,0,0,Muthaiga,"85,000,000"
4,NOT PROVIDED,0,0,0,0,0,Kiambu Road,"32,500,000"
5,NOT PROVIDED,0,0,0,0,0,Langata,"29,000,000"
4,Townhouse,0,1,0,1,0,Westlands,"35,000,000"
4,House,0,1,0,0,0,Vipingo,"30,000,000"
4,Townhouse,0,1,0,0,0,Kiambu Road,"26,500,000"
5,Villa,0,1,0,0,0,Westlands,"45,000,000"
7,NOT PROVIDED,0,0,0,0,0,Nairobi,"150,000,000"
5,House,0,1,0,0,0,Nyali,"40,000,000"
4,Townhouse,0,1,0,0,0,Lavington,"68,000,000"
4,House,0,0,0,1,0,Westlands,"100,000,000"
5,NOT PROVIDED,0,0,0,0,0,Westlands,"120,000,000"
5,House,0,1,0,0,0,Westlands,"190,000,000"
4,House,0,0,1,0,0,Kileleshwa,"32,000,000"
4,Townhouse,0,1,0,0,0,Thika,"40,000,000"
4,Townhouse,0,1,0,0,0,Westlands,"32,000,000"
4,NOT PROVIDED,0,0,0,0,0,Kileleshwa,"350,000,000"
2,House,0,1,0,0,0,Nyali,"25,000,000"
4,Townhouse,0,1,0,1,0,Westlands,"80,000,000"
3,House,0,1,0,0,1,Kamulu Joska Malaa,"5,750,000"
3,Townhouse,0,1,0,0,0,Shanzu,"35,000,000"
5,House,0,1,0,0,0,Karen,"110,000,000"
4,House,0,1,0,0,0,Karen,"55,000,000"
5,House,0,1,0,0,0,Westlands,"85,000,000"
4,House,0,1,0,0,0,Komarock,"14,000,000"
5,Townhouse,0,1,0,0,0,Karen,"65,000,000"
5,House,0,1,0,0,0,Karen,"95,000,000"
6,Townhouse,0,1,0,0,0,Westlands,"250,000,000"
5,Villa,0,1,0,1,0,Ruiru,"28,500,000"
3,Villa,0,1,0,0,0,La-marina Mtwapa,"40,000,000"
5,House,0,1,0,0,0,Westlands,"150,000,000"
4,Villa,0,1,0,0,0,Kiambu Road,"30,000,000"
7,NOT PROVIDED,0,0,0,0,0,Karen,"97,000,000"
4,NOT PROVIDED,0,0,0,0,0,Limuru,"17,500,000"
3,House,0,1,0,0,0,Kisumu,"18,000,000"
4,Townhouse,0,1,0,0,0,Lavington,"75,000,000"
4,House,0,0,0,0,0,Ruiru,"13,500,000"
5,House,0,1,0,0,0,Westlands,"230,000,000"
4,Townhouse,0,0,0,0,0,Kiambu Road,"24,500,000"
5,NOT PROVIDED,0,0,0,0,0,Lavington,"64,000,000"
4,House,0,1,0,0,0,Kajiado County,"10,500,000"
4,Townhouse,0,1,0,0,0,Bamburi,"11,950,000"
5,House,0,1,0,0,0,Westlands,"90,000,000"
5,House,0,1,0,0,0,Lavington,"55,000,000"
7,Townhouse,0,1,0,0,0,Westlands,"140,000,000"
4,House,0,1,0,0,0,Nyali,"45,000,000"
4,Villa,0,1,0,0,0,Nyali,"35,000,000"
3,House,0,1,0,0,0,Thika Road,"6,700,000"
3,House,0,1,0,0,0,Utawala,"9,000,000"
4,House,0,0,0,0,0,Nyali,"55,000,000"
4,House,0,1,0,0,0,Nyali,"20,500,000"
3,House,0,1,0,0,0,Kitengela,"6,500,000"
4,House,0,0,0,0,0,Syokimau,"15,500,000"
5,House,0,1,0,0,0,Westlands,"100,000,000"
4,House,0,0,0,0,0,Kitengela,"5,800,000"
4,Villa,0,1,0,0,0,Kiambu Town,"28,500,000"
3,House,0,0,0,0,0,Kiserian,"6,700,000"
4,Townhouse,0,1,0,1,0,Karen,"65,000,000"
5,House,0,1,0,0,0,Westlands,"100,000,000"
4,House,0,1,0,0,0,Kamulu Joska Malaa,"7,700,000"
3,House,0,1,0,0,0,Kitengela,"6,200,000"
3,House,0,1,0,0,0,Kitengela,"6,400,000"
5,House,0,1,0,0,0,Westlands,"230,000,000"
3,House,0,1,0,0,0,Vipingo,"14,800,000"
4,House,0,0,0,0,0,Ngong,"7,400,000"
4,House,0,1,0,0,0,Kitengela,"10,500,000"
4,Townhouse,0,1,0,0,0,Westlands,"50,000,000"
3,House,0,0,0,0,0,Buruburu,"11,300,000"
4,Townhouse,0,1,0,0,0,Ruiru,"18,500,000"
5,House,0,1,0,0,0,Kiambu Road,"65,000,000"
4,House,0,1,0,0,0,Lavington,"52,000,000"
3,Townhouse,0,1,0,0,0,Mtwapa,"7,500,000"
4,Townhouse,0,0,0,0,0,Lavington,"85,000,000"
5,NOT PROVIDED,0,0,0,0,0,Westlands,"75,000,000"
3,Townhouse,0,1,0,0,0,Kiambu Road,"26,000,000"
4,House,0,0,0,0,0,Langata,"39,500,000"
5,Villa,0,1,0,0,0,Lavington,"100,000,000"
4,Villa,0,1,0,0,0,Ngong,"42,000,000"
4,House,0,1,0,0,0,Nyali Area,"45,000,000"
3,House,0,1,0,0,0,Kiambu Town,"27,000,000"
5,House,0,1,0,0,0,Ruiru,"23,000,000"
4,Townhouse,0,1,0,0,0,Lavington,"185,000,000"
5,House,0,1,0,0,0,Lavington,"65,000,000"
3,Townhouse,0,1,0,1,0,Kitengela,"10,000,000"
4,House,0,1,0,0,0,Ukunda,"36,000,000"
4,House,0,1,0,0,0,Nyali Area,"90,000,000"
4,House,0,1,0,0,0,Nyali,"130,000,000"
4,House,0,0,1,0,0,Nyali,"80,000,000"
4,House,0,1,0,0,0,Nyali,"90,000,000"
4,House,0,1,0,0,0,Kiambu Road,"50,950,000"
5,Villa,0,1,0,0,0,Lavington,"52,000,000"
4,House,0,1,0,0,0,Nyali,"70,000,000"
4,Townhouse,0,1,0,0,0,Ruiru,"22,500,000"
4,Townhouse,0,1,0,0,0,Lavington,"68,000,000"
4,House,0,1,0,0,0,Westlands,"46,000,000"
4,House,0,0,0,0,0,Ridgeways,"125,000,000"
5,House,0,1,0,0,0,Westlands,"300,000,000"
3,House,0,1,0,0,0,Nyali,"100,000,000"
5,Townhouse,0,1,0,0,0,Lavington,"85,000,000"
3,NOT PROVIDED,0,0,0,1,0,Buruburu,"12,500,000"
3,House,0,1,0,0,0,Kamangu,"6,500,000"
5,Townhouse,0,1,0,0,0,Lavington,"55,000,000"
3,House,0,1,0,0,0,Ngong,"7,900,000"
4,House,0,1,0,0,0,Kenyatta Road,"10,500,000"
3,Townhouse,0,1,0,0,0,Ruiru,"10,000,000"
4,House,0,1,0,0,0,Karen,"65,000,000"
5,NOT PROVIDED,0,0,0,0,0,Kilifi,"150,000,000"
4,Townhouse,0,1,0,0,0,Lavington,"68,000,000"
6,Townhouse,0,1,0,0,0,Lavington,"121,000,000"
3,Villa,0,1,0,0,0,Kitengela,"5,850,000"
4,NOT PROVIDED,0,0,0,0,0,Westlands,"400,000,000"
4,House,0,1,0,0,0,Karen,"95,000,000"
4,House,0,1,0,0,0,Syokimau,"11,500,000"
5,House,0,1,0,0,0,Westlands,"235,000,000"
5,House,0,1,0,0,0,Watamu,"90,000,000"
5,House,0,1,0,0,0,Lavington,"60,000,000"
3,House,0,1,0,0,0,Athi River,"14,500,000"
4,NOT PROVIDED,0,0,0,0,0,Lavington,"65,000,000"
4,House,0,1,0,0,0,Ruiru,"21,000,000"
5,House,0,1,0,0,0,Lavington,"80,000,000"
4,NOT PROVIDED,0,0,0,0,0,Ruiru,"16,000,000"
6,House,0,0,1,0,0,Diani,"150,000,000"
4,House,0,1,0,0,0,Bamburi,"12,000,000"
5,House,0,1,0,0,0,Nyali Area,"35,000,000"
4,Villa,0,1,0,0,0,Westlands,"70,000,000"
4,Townhouse,0,1,0,0,0,Lavington,"60,000,000"
4,NOT PROVIDED,0,0,0,0,0,Westlands,"38,000,000"
1,House,0,0,1,0,0,Kikambala,"11,000,000"
4,House,0,1,0,0,0,Westlands,"70,000,000"
3,NOT PROVIDED,0,0,0,0,0,Westlands,"18,000,000"
4,Townhouse,0,1,0,0,0,Westlands,"38,000,000"
3,Townhouse,0,1,0,0,0,Isinya,"30,000,000"
3,House,0,1,0,0,0,Ongata Rongai,"6,500,000"
3,Townhouse,0,1,0,0,0,Mombasa Island,"8,500,000"
5,House,0,1,0,0,0,Mombasa Road,"15,500,000"
4,Villa,0,1,0,0,0,Diani,"65,000,000"
3,Villa,0,1,0,0,0,Diani,"6,950,000"
4,Villa,0,1,0,0,0,Lavington,"46,750,000"
4,Townhouse,0,1,0,0,0,Kileleshwa,"34,000,000"
5,House,0,1,0,0,0,Westlands,"108,500,000"
3,Townhouse,0,1,0,0,0,Kiambu Road,"26,000,000"
7,House,0,1,0,0,0,Westlands,"225,000,000"
5,House,0,1,0,0,0,Muthaiga,"280,000,000"
3,Villa,0,1,0,0,0,Posta,"18,500,000"
5,House,0,1,0,0,0,Westlands,"85,000,000"
4,Villa,0,1,0,0,0,Ngong,"14,500,000"
5,Townhouse,0,1,0,0,0,Westlands,"45,000,000"
4,Townhouse,0,1,0,0,0,Lavington,"36,000,000"
5,Villa,0,1,0,0,0,Nyali,"240,000,000"
4,House,0,1,0,0,0,Juja,"14,500,000"
3,NOT PROVIDED,0,0,0,0,0,Ngong Road,"14,500,000"
3,NOT PROVIDED,0,0,0,0,0,Embakasi,"12,600,000"
6,House,0,1,0,0,0,Westlands,"120,000,000"
3,House,0,1,0,0,0,Kamulu Joska Malaa,"8,150,000"
4,Townhouse,0,1,0,0,0,Kiambu Road,"38,000,000"
3,Villa,0,1,0,0,0,Vipingo,"85,000,000"
3,Townhouse,0,1,0,1,0,Ruiru,"15,000,000"
4,House,0,1,0,0,0,Kileleshwa,"30,000,000"
3,House,0,1,0,0,0,Kitengela,"6,500,000"
4,Villa,0,1,0,0,0,Westlands,"120,000,000"
4,Villa,0,1,0,0,0,Westlands,"150,000,000"
4,Townhouse,0,1,0,0,0,Lavington,"68,000,000"
4,House,0,1,0,0,0,Westlands,"31,000,000"
4,Townhouse,0,1,0,1,0,Syokimau,"19,500,000"
4,Townhouse,0,1,0,0,0,Karen,"75,000,000"
5,House,0,1,0,0,1,Roysambu,"56,000,000"
3,House,0,1,0,0,0,Ongata Rongai,"6,800,000"
4,Villa,0,1,0,0,0,Lavington,"60,000,000"
1,House,0,0,1,0,0,Athi River,"9,980,000"
5,House,0,1,0,0,0,Westlands,"110,000,000"
4,Townhouse,0,1,0,0,0,Embakasi,"12,000,000"
4,Townhouse,0,1,0,0,0,Syokimau,"12,800,000"
4,House,0,1,0,0,0,Westlands,"85,000,000"
6,House,0,1,0,0,0,Westlands,"80,000,000"
2,NOT PROVIDED,0,0,0,0,0,South C,"55,000,000"
3,NOT PROVIDED,0,0,0,0,0,Nyali,"16,000,000"
3,House,0,1,0,0,0,Kenyatta Road,"7,500,000"
4,Townhouse,0,1,0,0,0,Kiambu Town,"60,000,000"
4,House,0,1,0,0,0,Kitengela,"6,250,000"
3,Villa,0,1,0,0,0,Kilifi,"29,500,000"
5,House,0,1,0,0,0,Ruiru,"20,000,000"
4,Townhouse,0,1,0,1,0,Ruiru,"12,600,000"
5,House,0,1,0,1,0,Westlands,"86,000,000"
4,House,0,0,0,0,0,Juja,"14,000,000"
4,Townhouse,0,1,0,0,0,Thindigua,"22,500,000"
4,Townhouse,0,1,0,0,0,Syokimau,"18,000,000"
4,Townhouse,0,1,0,0,0,Nyali,"40,500,000"
4,House,0,1,0,0,0,Kiambu Road,"36,000,000"
4,Townhouse,0,1,0,0,0,Kilimani,"35,800,000"
4,NOT PROVIDED,0,0,0,0,0,Kasarani,"70,000,000"
4,Villa,0,1,0,1,0,Syokimau,"18,500,000"
4,House,0,1,0,1,0,Redhill,"35,500,000"
5,House,0,1,0,0,0,Kitengela,"20,000,000"
5,NOT PROVIDED,0,0,0,0,0,Mombasa Island,"150,000,000"
3,House,0,1,0,0,0,Ongata Rongai,"7,500,000"
6,House,0,1,0,0,0,Kenyatta Road,"38,000,000"
3,NOT PROVIDED,0,0,0,0,0,Kiambu Road,"6,000,000"
4,Townhouse,0,1,0,0,0,Kitengela,"18,500,000"
3,House,0,1,0,0,0,Kitengela,"6,200,000"
5,House,0,1,0,0,0,Westlands,"60,000,000"
5,House,0,1,0,0,0,Westlands,"150,000,000"
5,Townhouse,0,1,0,0,0,Lavington,"48,000,000"
5,House,0,1,0,0,0,Westlands,"100,000,000"
6,Villa,0,1,0,0,0,Westlands,"250,000,000"
3,House,0,1,0,0,0,Mtwapa,"17,000,000"
5,NOT PROVIDED,0,0,0,0,0,Athi River,"18,500,000"
6,Villa,0,1,0,0,0,Westlands,"500,000,000"
5,Villa,0,1,0,0,0,Lavington,"100,000,000"
4,House,0,1,0,0,0,Karen,"75,000,000"
4,NOT PROVIDED,0,0,0,0,0,Nyali,"36,000,000"
4,Townhouse,0,1,0,0,0,Mombasa Road,"19,000,000"
3,House,0,1,0,0,0,Kitengela,"6,250,000"
3,NOT PROVIDED,0,0,0,0,0,Ongata Rongai,"7,500,000"
5,Villa,0,1,0,0,0,Westlands,"140,000,000"
3,NOT PROVIDED,0,0,0,0,0,Kisauni,"15,000,000"
5,Townhouse,0,1,0,0,0,Lavington,"40,000,000"
4,House,0,0,1,0,0,Nyali Area,"75,000,000"
4,NOT PROVIDED,0,0,0,0,0,Nyali,"35,000,000"
5,NOT PROVIDED,0,0,0,0,0,Nyali,"30,000,000"
5,House,0,1,0,0,0,Westlands,"230,000,000"
4,Townhouse,0,1,0,0,0,Lavington,"63,000,000"
5,House,0,1,0,0,0,Westlands,"150,000,000"
4,NOT PROVIDED,0,0,0,0,0,Westlands,"60,000,000"
3,House,0,1,0,0,0,Kitengela,"5,800,000"
3,House,0,1,0,0,0,Kitengela,"6,200,000"
3,House,0,1,0,0,0,Kitengela,"4,500,000"
5,House,0,1,0,0,0,Muthaiga,"120,000,000"
3,NOT PROVIDED,0,0,0,1,0,Ruiru,"8,500,000"
5,House,0,1,0,0,0,Westlands,"105,000,000"
5,House,0,1,0,0,0,Nyali,"68,000,000"
3,House,0,1,0,0,0,Kiambu Road,"25,000,000"
5,Villa,0,1,0,1,0,Roysambu,"29,900,000"
3,NOT PROVIDED,0,0,0,0,0,Kikambala,"8,500,000"
4,Villa,0,1,0,0,0,Ngong,"14,500,000"
3,Villa,0,1,0,0,0,Diani,"40,000,000"
5,House,0,1,0,0,0,Westlands,"300,000,000"
4,House,0,1,0,0,0,Kiambu Road,"31,000,000"
5,House,0,1,0,1,0,Ruiru,"20,000,000"
3,Townhouse,0,1,0,0,0,Kitengela,"12,500,000"
4,Townhouse,0,0,1,1,0,Lavington,"45,000,000"
3,Townhouse,0,0,1,0,0,Mtwapa,"7,500,000"
5,NOT PROVIDED,0,0,0,0,0,Westlands,"135,000,000"
4,Townhouse,0,1,0,0,0,Lavington,"65,000,000"
3,Townhouse,0,1,0,0,0,Vipingo,"19,950,000"
4,House,0,1,0,1,0,Westlands,"47,000,000"
4,Townhouse,0,0,0,0,0,Lavington,"67,000,000"
4,House,0,1,0,0,0,Thindigua,"50,000,000"
4,Townhouse,0,1,0,1,0,Kiambu Town,"26,950,000"
4,House,0,1,0,0,0,Westlands,"80,000,000"
4,Villa,0,1,0,0,0,Limuru,"28,000,000"
5,Villa,0,1,0,0,0,Diani,"65,000,000"
6,Townhouse,0,1,0,0,0,Westlands,"16,000,000"
1,Villa,0,1,0,0,0,Diani,"20,000,000"
4,NOT PROVIDED,0,0,0,0,0,Nairobi,"37,000,000"
7,Villa,0,1,0,0,0,Kilifi County,"110,000,000"
4,Townhouse,0,1,0,0,0,Limuru,"50,000,000"
4,House,0,1,0,0,0,Ongata Rongai,"12,000,000"
4,Villa,0,1,0,0,0,Ruiru,"13,500,000"
6,Villa,0,1,0,0,0,Westlands,"150,000,000"
4,Townhouse,0,1,0,0,0,Westlands,"45,000,000"
5,Villa,0,1,0,0,0,Karen,"90,000,000"
5,Townhouse,0,1,0,0,0,Westlands,"75,000,000"
4,Townhouse,0,1,0,0,0,Lavington,"67,000,000"
5,House,0,1,0,0,0,Kikuyu,"16,500,000"
5,Townhouse,0,1,0,1,0,Lavington,"75,000,000"
5,House,0,1,0,0,0,Westlands,"111,000,000"
2,House,0,1,0,0,0,Kiserian,"2,700,000"
5,Townhouse,0,1,0,0,0,Lavington,"75,000,000"
4,Townhouse,0,0,1,0,0,Kitengela,"17,000,000"
4,House,0,0,1,0,0,Syokimau,"17,000,000"
4,House,0,1,0,0,0,Syokimau,"19,000,000"
5,Villa,0,1,0,0,0,Nyali,"35,000,000"
4,Townhouse,0,1,0,0,0,Kiambu Road,"32,000,000"
5,House,0,1,0,0,0,Westlands,"500,000,000"
4,Villa,0,1,0,0,0,Westlands,"41,000,000"
4,Townhouse,0,0,0,0,0,Westlands,"35,000,000"
4,Villa,0,0,1,0,0,Lavington,"145,000,000"
4,Townhouse,0,1,0,0,0,Roysambu,"27,000,000"
4,House,0,1,0,0,0,Ruiru,"21,000,000"
4,Townhouse,0,1,0,0,0,Lavington,"92,000,000"
4,Townhouse,0,1,0,0,0,Lavington,"68,000,000"
4,House,0,1,0,0,0,Redhill,"35,000,000"
5,House,0,1,0,0,0,Karen,"99,000,000"
4,Townhouse,0,1,0,0,0,Lavington,"75,000,000"
4,House,0,1,0,0,0,Karen,"65,000,000"
3,Townhouse,0,1,0,0,0,Kitengela,"10,500,000"
5,House,0,1,0,0,0,Lavington,"72,000,000"
6,Villa,0,1,0,0,0,Karen,"90,000,000"
3,House,0,1,0,0,0,Shanzu,"40,000,000"
3,Townhouse,0,1,0,0,0,Mtwapa,"70,000,000"
5,House,0,1,0,0,0,Westlands,"145,000,000"
4,House,0,1,0,0,0,Westlands,"32,000,000"
4,Townhouse,0,1,0,0,0,Kiambu Road,"42,000,000"
6,House,0,1,0,0,0,Westlands,"120,000,000"
5,House,0,1,0,0,0,Karen Hardy,"120,000,000"
4,House,0,1,0,0,0,Athi River,"23,000,000"
3,House,0,1,0,0,0,Kamangu,"3,700,000"
4,Villa,0,1,0,0,0,Westlands,"85,000,000"
5,Townhouse,0,1,0,1,0,Lavington,"58,000,000"
4,NOT PROVIDED,0,0,0,0,0,Nyali,"58,000,000"
4,House,0,1,0,0,0,Ruiru,"25,000,000"
4,Townhouse,0,1,0,0,0,Westlands,"40,000,000"
4,House,0,0,0,0,0,Buruburu,"13,000,000"
3,NOT PROVIDED,0,0,0,0,0,Diani,"25,000,000"
4,House,0,1,0,0,0,Kileleshwa,"160,000,000"
5,Townhouse,0,1,0,0,0,Westlands,"120,000,000"
3,House,0,1,0,0,0,Shanzu,"35,000,000"
5,House,0,0,0,0,0,Muthaiga,"220,000,000"
3,House,0,1,0,0,0,Malindi,"29,000,000"
7,Townhouse,0,1,0,0,0,Lavington,"120,000,000"
5,Townhouse,0,1,0,0,0,Lavington,"55,000,000"
4,House,0,1,0,0,0,Ongata Rongai,"7,500,000"
6,House,0,1,0,0,0,Mombasa Island,"200,000,000"
4,House,0,1,0,0,0,Kikambala,"70,000,000"
4,NOT PROVIDED,0,0,0,0,0,Kikambala,"30,000,000"
5,House,0,1,0,0,0,Lavington,"43,000,000"
5,House,0,0,0,0,0,Karen,"85,000,000"
5,NOT PROVIDED,0,0,0,0,0,Westlands,"150,000,000"
4,House,0,0,0,0,0,Westlands,"105,000,000"
5,House,0,1,0,0,0,Nyali,"37,000,000"
3,House,0,1,0,0,0,Kamulu Joska Malaa,"7,900,000"
5,NOT PROVIDED,0,0,0,0,0,Westlands,"125,000,000"
6,House,0,1,0,0,0,Karen,"97,000,000"
4,House,0,1,0,0,0,Westlands,"80,000,000"
5,Townhouse,0,1,0,0,0,Lavington,"65,000,000"
3,Villa,0,1,0,0,0,Kitengela,"13,500,000"
4,Villa,0,1,0,0,0,Mtwapa,"45,000,000"
4,House,0,1,0,0,0,Ngong,"15,000,000"
4,Townhouse,0,1,0,0,0,Kamulu Joska Malaa,"10,000,000"
3,House,0,1,0,0,0,Mtwapa,"30,000,000"
5,House,0,1,0,0,0,Westlands,"120,000,000"
4,Townhouse,0,1,0,0,0,Westlands,"70,000,000"
4,House,0,1,0,0,0,Kiambu Road,"28,000,000"
3,House,0,1,0,0,0,Thika Road,"7,700,000"
3,House,0,1,0,0,0,Ruiru,"5,500,000"
4,Townhouse,0,1,0,0,0,Westlands,"45,000,000"
5,Villa,0,1,0,0,0,Karen,"82,000,000"
4,Townhouse,0,1,0,0,0,Ruiru,"18,500,000"
3,Townhouse,0,1,0,0,0,Ruiru,"39,000,000"
5,Townhouse,0,1,0,0,0,Lavington,"60,000,000"
4,House,0,1,0,0,0,Ruiru,"10,500,000"
3,Villa,0,1,0,0,0,Mtwapa,"36,000,000"
4,House,0,1,0,0,0,Westlands,"125,000,000"
5,House,0,1,0,0,1,Roysambu,"59,000,000"
2,NOT PROVIDED,0,0,0,0,0,Langata,"6,000,000"
4,NOT PROVIDED,0,0,0,0,0,Westlands,"55,000,000"
3,House,0,1,0,0,0,Juja,"8,800,000"
6,Villa,0,1,0,0,0,Mtwapa,"35,000,000"
5,NOT PROVIDED,0,0,0,0,0,Westlands,"59,500,000"
3,NOT PROVIDED,0,0,0,0,0,Mlolongo,"11,800,000"
3,House,0,1,0,0,0,Kitengela,"6,000,000"
5,Villa,0,1,0,0,0,Westlands,"87,500,000"
4,Villa,0,1,0,0,0,Vipingo,"95,000,000"
4,House,0,1,0,0,0,Ngong,"18,000,000"
5,House,0,1,0,0,0,Westlands,"70,000,000"
4,Townhouse,0,0,0,0,0,Ngong,"27,000,000"
7,House,0,0,1,0,0,Westlands,"180,000,000"
4,Townhouse,0,1,0,0,0,Lavington,"70,000,000"
4,NOT PROVIDED,0,0,0,0,0,Limuru,"36,000,000"
4,Villa,0,0,1,0,0,Diani,"45,000,000"
5,Townhouse,0,1,0,1,0,Lavington,"40,000,000"
5,House,0,1,0,0,0,Westlands,"170,000,000"
4,NOT PROVIDED,0,0,0,0,0,Westlands,"210,000,000"
5,House,0,1,0,0,0,Ongata Rongai,"16,000,000"
5,House,0,1,0,0,0,Ruiru,"13,000,000"
4,House,0,1,0,0,0,Ridgeways,"85,000,000"
3,Villa,0,1,0,0,0,Mtwapa,"70,000,000"
7,House,0,1,0,0,0,Ridgeways,"145,000,000"
6,House,0,0,0,0,0,Ongata Rongai,"11,500,000"
3,House,0,0,0,0,0,Langata,"28,000,000"
3,House,0,1,0,0,0,Kitengela,"6,200,000"
5,Villa,0,1,0,0,0,Westlands,"90,000,000"
4,Townhouse,0,1,0,0,0,Westlands,"42,000,000"
5,House,0,1,0,0,0,Westlands,"115,000,000"
5,House,0,1,0,0,0,Westlands,"130,000,000"
5,Villa,0,1,0,0,0,Ngong,"16,500,000"
4,House,0,1,0,0,0,Nyali Area,"75,000,000"
5,House,0,1,0,0,1,Roysambu,"70,000,000"
3,NOT PROVIDED,0,0,0,0,0,Ongata Rongai,"8,000,000"
5,Villa,0,1,0,0,0,Westlands,"100,000,000"
5,Townhouse,0,1,0,0,0,Westlands,"120,000,000"
5,Townhouse,0,1,0,0,0,Westlands,"59,500,000"
3,Townhouse,0,1,0,0,0,Athi River,"12,500,000"
4,House,0,0,0,0,0,Westlands,"95,000,000"
4,Townhouse,0,1,0,0,0,Kitengela,"11,250,000"
5,House,0,1,0,0,0,Westlands,"130,000,000"
4,NOT PROVIDED,0,0,0,0,0,Ngong Road,"38,000,000"
4,House,0,0,0,0,0,Kitengela,"18,000,000"
4,House,0,0,0,0,0,Ruaka,"15,000,000"
6,NOT PROVIDED,0,0,0,0,0,Westlands,"110,000,000"
4,Townhouse,0,1,0,1,0,Ngong,"24,500,000"
4,Villa,0,1,0,0,0,Karen,"80,000,000"
4,Townhouse,0,1,0,0,0,Ruiru,"41,000,000"
7,NOT PROVIDED,0,0,0,0,0,Westlands,"140,000,000"
3,House,0,1,0,0,0,Juja,"6,250,000"
4,House,0,1,0,0,0,Ruiru,"28,000,000"
5,Townhouse,0,1,0,0,0,Mombasa Island,"50,000,000"
4,House,0,1,0,0,0,Lavington,"95,000,000"
4,Villa,0,1,0,0,0,Malindi,"25,000,000"
4,Villa,0,1,0,0,0,Karen,"69,000,000"
5,Villa,0,1,0,0,0,Diani,"55,000,000"
3,House,0,0,0,0,0,Juja,"7,000,000"
4,Villa,0,1,0,0,0,Westlands,"45,000,000"
3,House,0,1,0,0,0,Ruiru,"7,900,000"
4,Townhouse,0,1,0,0,0,Lavington,"55,000,000"
4,Villa,0,1,0,0,0,Westlands,"65,000,000"
3,House,0,1,0,0,0,Ruiru,"8,000,000"
5,House,0,1,0,0,0,Roysambu,"65,000,000"
2,House,0,1,0,0,0,Shanzu,"12,000,000"
5,Townhouse,0,1,0,0,0,Lavington,"63,000,000"
3,House,0,1,0,0,0,Westlands,"45,000,000"
3,House,0,1,0,0,0,Kamulu Joska Malaa,"7,500,000"
4,House,0,0,0,0,0,Muthaiga,"158,145,000"
5,Townhouse,0,1,0,0,0,Karen,"97,500,000"
4,House,0,1,0,0,0,Nanyuki,"17,000,000"
5,House,0,1,0,0,0,Ongata Rongai,"40,000,000"
7,House,0,1,0,0,0,Westlands,"150,000,000"
4,House,0,1,0,0,0,Kiambu Town,"30,000,000"
4,Villa,0,1,0,0,0,Kiambu Road,"30,000,000"
4,House,0,0,0,0,0,Limuru,"25,000,000"
3,Townhouse,0,0,0,1,0,Kitengela,"12,000,000"
4,House,0,1,0,0,0,Ruiru,"36,500,000"
7,House,0,1,0,0,0,Westlands,"140,000,000"
3,House,0,1,0,0,0,Ongata Rongai,"6,200,000"
4,House,0,1,0,0,0,Westlands,"85,000,000"
6,House,0,1,0,0,0,Westlands,"290,000,000"
4,Townhouse,0,1,0,0,0,Westlands,"49,000,000"
8,House,0,1,0,0,0,Westlands,"200,000,000"
3,House,0,1,0,0,0,Ngong,"10,500,000"
6,House,0,1,0,0,0,Karen Hardy,"107,000,000"
3,House,0,1,0,0,0,Ruiru,"8,000,000"
4,NOT PROVIDED,0,0,0,0,0,Westlands,"25,000,000"
4,Townhouse,0,1,0,0,0,Ngong Road,"13,500,000"
3,House,0,1,0,0,0,Athi River,"16,850,000"
4,NOT PROVIDED,0,0,0,0,0,Limuru,"18,000,000"
3,Villa,0,1,0,0,0,Mtwapa,"68,000,000"
4,House,0,1,0,0,0,Westlands,"72,000,000"
4,Townhouse,0,1,0,0,0,Nyali,"35,000,000"
4,Townhouse,0,1,0,0,0,Dagoretti Corner,"14,500,000"
4,Townhouse,0,1,0,0,0,Kiambu Road,"85,000,000"
4,Townhouse,0,1,0,0,0,Ngong,"16,500,000"
5,Villa,0,1,0,0,0,Kikambala,"65,000,000"
3,NOT PROVIDED,0,0,0,0,0,Kitengela,"6,000,000"
7,House,0,1,0,0,0,Karen,"35,000,000"
7,House,0,1,0,0,0,Karen,"100,000,000"
4,Townhouse,0,1,0,0,0,Westlands,"70,000,000"
5,Townhouse,0,1,0,0,0,Westlands,"125,000,000"
6,Villa,0,1,0,0,0,Mtwapa,"68,000,000"
5,House,0,1,0,0,0,Karen,"75,000,000"
9,Townhouse,0,1,0,0,0,Nyali,"160,000,000"
4,House,0,1,0,0,0,Westlands,"62,000,000"
3,Villa,0,1,0,0,0,Mtwapa,"39,500,000"
5,House,0,1,0,0,0,Ngong,"17,000,000"
4,House,0,1,0,0,0,Westlands,"95,000,000"
4,House,0,1,0,0,0,Ruiru,"12,600,000"
5,Townhouse,0,1,0,0,0,Nyali,"90,000,000"
7,NOT PROVIDED,0,0,0,0,0,Kiambu Road,"165,000,000"
4,Townhouse,0,1,0,0,0,Limuru,"50,000,000"
4,House,0,1,0,0,0,Kitengela,"5,800,000"
3,Townhouse,0,1,0,0,0,Athi River,"14,000,000"
6,Villa,0,1,0,0,0,Westlands,"85,000,000"
4,Townhouse,0,1,0,1,0,Lavington,"52,000,000"
7,House,0,1,0,0,0,Westlands,"130,000,000"
4,House,0,0,1,0,0,Malindi,"35,000,000"
7,House,0,1,0,0,0,Karen,"170,000,000"
3,NOT PROVIDED,0,0,0,0,0,Kitengela,"6,000,000"
4,House,0,1,0,0,0,Karen,"68,000,000"
4,House,0,0,1,0,0,Ongata Rongai,"11,500,000"
3,House,0,1,0,0,0,Ruiru,"7,950,000"
3,House,0,1,0,0,0,Green Park,"17,000,000"
1,NOT PROVIDED,0,0,0,0,0,Bamburi,"28,000,000"
3,Townhouse,0,1,0,0,0,Kiambu Road,"21,817,000"
4,House,0,1,0,0,0,Ruiru,"23,000,000"
5,House,0,1,0,0,0,Karen,"92,000,000"
5,Townhouse,0,1,0,0,0,Lavington,"95,000,000"
6,Villa,0,1,0,1,0,Lavington,"150,000,000"
5,Villa,0,1,0,0,0,Westlands,"130,000,000"
6,House,0,1,0,0,0,Lavington,"121,000,000"
4,House,0,1,0,0,0,Nyali,"120,000,000"
3,NOT PROVIDED,0,0,0,0,0,Mtwapa,"160,000,000"
4,NOT PROVIDED,0,0,0,0,0,Westlands,"125,000,000"
4,Townhouse,0,0,0,0,0,Kisumu,"45,000,000"
4,Villa,0,1,0,0,0,Syokimau,"13,000,000"
4,Villa,0,1,0,0,0,Shanzu,"85,000,000"
4,House,0,1,0,0,0,Kiambu Road,"32,000,000"
4,House,0,1,0,0,0,Karen,"270,000,000"
4,Townhouse,0,1,0,0,0,Westlands,"140,000,000"
3,House,0,1,0,0,0,Ruiru,"8,500,000"
4,House,0,1,0,0,0,Mtwapa,"25,500,000"
4,Villa,0,1,0,0,0,Ruiru,"12,600,000"
4,Townhouse,0,1,0,0,0,Westlands,"39,000,000"
3,House,0,1,0,0,0,Kitengela,"5,800,000"
4,House,0,0,1,0,0,Mlolongo,"38,500,000"
3,NOT PROVIDED,0,0,0,0,0,Westlands,"123,000,000"
4,NOT PROVIDED,0,0,0,0,0,South C,"20,950,000"
4,Townhouse,0,0,0,1,0,Kiambu Road,"34,000,000"
3,House,0,1,0,0,0,Kangundo,"7,500,000"
5,Townhouse,0,1,0,0,0,Nairobi,"70,000,000"
5,House,0,0,0,0,0,Karen,"75,000,000"
7,Villa,0,1,0,0,0,Westlands,"600,000,000"
5,House,0,0,1,0,0,Karen,"245,403,755"
3,House,0,1,0,0,0,Juja,"6,750,000"
5,Townhouse,0,1,0,0,0,Lavington,"48,450,000"
4,Townhouse,0,1,0,1,0,Lavington,"50,000,000"
5,Townhouse,0,1,0,0,0,Donholm,"20,000,000"
4,House,0,0,1,0,0,Westlands,"69,500,000"
5,House,0,1,0,0,0,Westlands,"110,000,000"
5,Townhouse,0,1,0,0,0,Westlands,"52,000,000"
4,Townhouse,0,1,0,0,0,Westlands,"48,000,000"
5,House,0,1,0,0,0,Westlands,"110,000,000"
4,Townhouse,0,0,1,0,0,Westlands,"40,000,000"
4,Townhouse,0,1,0,0,0,Limuru,"20,000,000"
4,House,0,0,0,0,0,Karen,"69,000,000"
4,Townhouse,0,1,0,1,0,Westlands,"70,000,000"
4,House,0,1,0,0,0,Shanzu,"43,000,000"
5,Townhouse,0,1,0,1,0,Lavington,"50,000,000"
4,Villa,0,1,0,0,0,Bamburi,"8,950,000"
5,Townhouse,0,1,0,0,0,Lavington,"100,000,000"
4,House,0,1,0,0,0,Limuru,"25,000,000"
4,House,0,1,0,0,0,Nyali,"55,000,000"
5,House,0,1,0,0,0,Westlands,"75,000,000"
4,Townhouse,0,1,0,0,0,Syokimau,"15,000,000"
4,Villa,0,1,0,0,0,Vipingo,"75,000,000"
7,House,0,1,0,0,0,Westlands,"250,000,000"
4,House,0,1,0,0,0,Lavington,"67,000,000"
3,Townhouse,0,1,0,0,0,Mtwapa,"6,500,000"
5,House,0,1,0,0,1,Roysambu,"90,000,000"
5,House,0,1,0,0,0,Karen,"95,000,000"
3,NOT PROVIDED,0,0,0,0,0,Nanyuki,"50,000,000"
5,House,0,1,0,0,0,Nyali Area,"25,000,000"
4,House,0,1,0,0,0,Kitengela,"6,000,000"
3,House,0,1,0,0,0,Kamulu Joska Malaa,"7,500,000"
3,Villa,0,1,0,0,0,Mtwapa,"26,500,000"
4,Villa,0,1,0,0,0,Ridgeways,"65,000,000"
5,House,0,1,0,0,0,Karen,"110,000,000"
4,House,0,0,0,0,0,Nanyuki,"81,420,000"
4,Villa,0,1,0,0,0,Kiambu Road,"28,000,000"
4,Townhouse,0,1,0,1,0,Lavington,"63,000,000"
6,House,0,1,0,0,0,Westlands,"82,000,000"
4,NOT PROVIDED,0,0,0,0,0,Vipingo,"67,000,000"
4,Townhouse,0,1,0,1,0,Syokimau,"18,000,000"
4,Townhouse,0,1,0,0,0,Ruiru,"13,000,000"
4,House,0,0,0,0,0,Westlands,"70,000,000"
3,House,0,1,0,0,0,Kiambu Road,"25,000,000"
4,NOT PROVIDED,0,0,0,0,0,Limuru,"50,000,000"
4,NOT PROVIDED,0,0,0,1,0,Westlands,"42,000,000"
5,House,0,0,0,0,0,Ruiru,"15,000,000"
5,Townhouse,0,1,0,0,0,Lavington,"60,000,000"
5,Townhouse,0,1,0,1,0,Lavington,"110,000,000"
4,Villa,0,1,0,0,0,Roysambu,"59,000,000"
6,House,0,1,0,0,0,Ongata Rongai,"40,000,000"
6,NOT PROVIDED,0,0,0,0,0,Lavington,"150,000,000"
4,House,0,1,0,0,0,Ruiru,"22,000,000"
4,Townhouse,0,1,0,0,0,Kiambu Road,"50,000,000"
5,House,0,1,0,0,0,Mombasa Road Machakos,"15,800,000"
6,House,0,1,0,0,0,Nyali,"85,000,000"
5,House,0,0,0,0,0,Lavington,"63,000,000"
5,Townhouse,0,1,0,0,0,Lavington,"55,000,000"
3,House,0,1,0,0,0,Kamakis,"7,900,000"
4,Townhouse,0,1,0,0,0,Kitengela,"17,000,000"
3,House,0,1,0,1,0,Kitengela,"6,200,000"
5,Townhouse,0,1,0,0,0,Lavington,"75,000,000"
3,House,0,1,0,0,0,Athi River,"29,980,000"
4,Villa,0,1,0,0,0,Westlands,"47,000,000"
4,NOT PROVIDED,0,0,0,0,0,Bamburi,"200,000,000"
6,NOT PROVIDED,0,0,0,0,0,Nairobi,"165,000,000"
3,House,0,1,0,1,0,Kitengela,"9,950,000"
6,Villa,0,1,0,0,0,Lavington,"75,000,000"
5,Townhouse,0,1,0,0,0,Lavington,"43,000,000"
5,House,0,1,0,0,0,Ruiru,"13,500,000"
4,House,0,0,0,0,0,Kitengela,"6,000,000"
4,House,0,1,0,0,0,Kiambu Road,"29,000,000"
3,Villa,0,1,0,0,0,Diani,"28,000,000"
4,House,0,1,0,0,0,Nyali Area,"38,000,000"
5,Townhouse,0,1,0,0,0,Langata,"27,000,000"
4,House,0,1,0,0,0,Syokimau,"18,000,000"
4,Townhouse,0,1,0,0,0,Lavington,"61,000,000"
6,House,0,1,0,0,0,Westlands,"128,000,000"
3,House,0,0,1,0,0,Watamu,"22,000,000"
4,House,0,0,0,0,0,Karen,"47,000,000"
5,Townhouse,0,1,0,0,0,Lavington,"50,000,000"
4,Villa,0,1,0,0,0,Kiambu Road,"30,000,000"
5,Villa,0,1,0,0,0,Ruiru,"65,000,000"
5,House,0,1,0,0,0,Westlands,"88,000,000"
4,House,0,0,0,0,0,Komarock,"18,000,000"
4,Villa,0,1,0,0,0,Kilifi County,"95,000,000"
5,Townhouse,0,1,0,0,0,Lavington,"55,000,000"
4,Villa,0,1,0,0,0,Ruiru,"13,100,000"
3,House,0,1,0,0,0,Kitengela,"6,200,000"
5,House,0,1,0,0,0,Shanzu,"45,000,000"
4,Villa,0,1,0,0,0,Diani,"100,000,000"
4,House,0,1,0,0,0,Westlands,"88,000,000"
4,NOT PROVIDED,0,0,0,0,0,Westlands,"35,000,000"
4,Villa,0,1,0,0,0,Karen,"70,000,000"
5,Townhouse,0,1,0,0,0,Westlands,"118,500,000"
5,House,0,1,0,0,0,Syokimau,"16,500,000"
2,Townhouse,0,1,0,0,0,Kilimani,"10,950,000"
3,NOT PROVIDED,0,0,0,1,0,Ngumo Estate,"18,000,000"
4,NOT PROVIDED,0,0,0,0,0,Nyali,"70,000,000"
4,NOT PROVIDED,0,0,0,0,0,Githunguri,"9,500,000"
2,Villa,0,1,0,0,0,Kilifi,"4,600,000"
5,Townhouse,0,1,0,0,0,Lavington,"68,000,000"
4,House,0,1,0,0,0,Syokimau,"24,500,000"
3,House,0,1,0,0,0,Kitengela,"5,800,000"
3,House,0,1,0,0,0,Nyali,"36,000,000"
4,House,0,1,0,0,0,Malindi,"40,000,000"
4,Townhouse,0,1,0,0,0,Westlands,"37,000,000"
5,House,0,1,0,0,0,Malindi,"20,000,000"
4,Townhouse,0,0,0,0,1,Lavington,"68,000,000"
3,Townhouse,0,1,0,1,0,Donholm,"12,500,000"
6,NOT PROVIDED,0,0,0,0,0,Watamu,"45,000,000"
4,NOT PROVIDED,0,0,0,0,0,Westlands,"32,000,000"
5,House,0,0,0,0,0,Westlands,"85,000,000"
3,House,0,1,0,0,0,Naivasha,"40,000,000"
5,House,0,1,0,0,0,Westlands,"180,000,000"
4,Townhouse,0,1,0,0,0,Lavington,"55,000,000"
4,NOT PROVIDED,0,0,0,0,0,Imara Daima,"20,000,000"
3,Townhouse,0,1,0,1,0,Limuru,"15,000,000"
3,House,0,1,0,0,0,Kamulu Joska Malaa,"8,150,000"
5,House,1,0,0,0,0,Ruiru,"25,500,000"
4,House,0,1,0,0,0,Mombasa Island,"75,000,000"
3,House,0,0,0,0,0,Nakuru,"5,500,000"
5,House,0,1,0,0,0,Westlands,"150,000,000"
4,House,0,1,0,0,0,Karen,"65,000,000"
4,Villa,0,1,0,0,0,Lavington,"68,000,000"
4,Villa,0,1,0,1,0,Kiambu Road,"29,900,000"
3,House,0,0,0,0,0,Ruiru,"7,500,000"
4,House,0,1,0,0,0,Westlands,"90,000,000"
5,House,0,1,0,0,0,Kiambu Road,"63,950,000"
3,House,0,1,0,0,0,Kitengela,"6,000,000"
3,Townhouse,0,1,0,0,0,Mtwapa,"8,500,000"
4,Townhouse,0,1,0,0,0,South B,"12,000,000"
5,NOT PROVIDED,0,0,0,0,0,Lavington,"50,000,000"
5,Villa,0,1,0,0,0,Ongata Rongai,"30,000,000"
7,House,0,1,0,0,0,Watamu,"33,000,000"
5,Villa,0,1,0,0,0,Ongata Rongai,"30,000,000"
4,House,0,1,0,0,0,Syokimau,"16,000,000"
4,House,0,1,0,0,0,Karen,"85,000,000"
7,House,0,0,0,0,0,Westlands,"165,000,000"
4,House,0,1,0,0,0,Westlands,"105,000,000"
4,Townhouse,0,1,0,1,0,Syokimau,"18,000,000"
5,House,0,1,0,0,0,Muthaiga,"550,000,000"
4,House,0,1,0,0,0,Embakasi,"12,500,000"
3,Villa,0,1,0,0,0,Kiambu Road,"26,000,000"
5,House,0,0,1,0,0,Westlands,"70,000,000"
5,Villa,0,1,0,0,0,Lavington,"80,000,000"
4,House,0,1,0,0,0,Kiambu Road,"37,000,000"
4,Townhouse,0,1,0,0,0,Westlands,"135,000,000"
4,Townhouse,0,1,0,0,0,Mkomani,"42,000,000"
4,Townhouse,0,1,0,0,0,Ruiru,"20,000,000"
7,House,0,1,0,0,0,Westlands,"135,000,000"
4,House,0,1,0,0,0,Westlands,"120,000,000"
4,Townhouse,0,1,0,0,0,Syokimau,"19,700,000"
3,House,0,1,0,0,0,Thika Road,"6,750,000"
3,Townhouse,0,1,0,0,0,Kiambu Road,"25,000,000"
3,House,0,0,0,0,0,Ruiru,"7,500,000"
6,Townhouse,0,0,1,0,0,Westlands,"295,000,000"
4,Villa,0,1,0,0,1,Roysambu,"27,000,000"
4,House,0,1,0,0,0,Karen,"49,500,000"
7,Villa,0,1,0,0,0,Mtwapa,"80,000,000"
3,House,0,1,0,0,1,Kiambu Road,"50,000,000"
5,Townhouse,0,0,0,0,0,Westlands,"39,500,000"
5,NOT PROVIDED,0,0,0,0,0,Lavington,"70,000,000"
4,Townhouse,0,1,0,0,0,Westlands,"48,000,000"
4,Villa,0,1,0,0,0,Shanzu,"45,000,000"
4,House,0,1,0,0,0,Kamulu Joska Malaa,"7,800,000"
3,House,0,1,0,0,0,Ruiru,"8,500,000"
4,Villa,0,1,0,0,0,Nyali,"50,000,000"
5,Townhouse,0,1,0,0,0,Lavington,"83,000,000"
4,House,0,1,0,0,0,Kiambu Road,"30,000,000"
2,House,0,1,0,0,0,Syokimau,"9,500,000"
5,House,0,1,0,0,0,Westlands,"100,000,000"
4,Townhouse,0,1,0,0,0,Kiambu Road,"30,000,000"
5,NOT PROVIDED,0,0,0,0,0,Vipingo,"120,000,000"
2,House,0,1,0,0,0,Malindi,"16,000,000"
5,House,0,1,0,0,0,Westlands,"120,000,000"
1,House,0,1,0,0,0,Denis Prit Road.,"6,500,000"
3,House,0,1,0,0,0,Kitengela,"12,500,000"
3,House,0,1,0,1,0,Kitengela,"7,200,000"
4,NOT PROVIDED,0,0,0,0,0,Nyali,"32,000,000"
4,Townhouse,0,1,0,1,0,Redhill,"45,000,000"
4,Townhouse,0,1,0,0,0,Shanzu,"45,000,000"
3,House,0,1,0,0,0,Buruburu,"10,000,000"
3,House,0,1,0,0,0,Kitengela,"6,500,000"
6,Townhouse,0,1,0,1,0,Lavington,"55,000,000"
4,Townhouse,0,1,0,1,0,Lavington,"65,000,000"
5,Townhouse,0,1,0,0,0,Lavington,"40,000,000"
3,Townhouse,0,1,0,0,0,Kitengela,"9,000,000"
3,House,0,1,0,0,0,Mtwapa,"6,500,000"
4,House,0,1,0,0,0,Kenyatta Road,"7,500,000"
4,House,0,1,0,0,0,Westlands,"72,000,000"
4,House,0,1,0,0,0,Nyali Area,"140,000,000"
4,House,0,0,0,0,0,Ngong,"16,500,000"
3,House,0,1,0,0,0,Kilifi,"25,000,000"
5,House,0,1,0,0,0,Muthaiga,"550,000,000"
3,House,0,0,1,0,0,Kilifi County,"65,000,000"
6,House,0,1,0,0,0,Karen,"180,000,000"
4,House,0,1,0,0,0,Roysambu,"123,000,000"
5,House,0,1,0,0,0,Muthaiga,"190,000,000"
4,House,0,1,0,0,0,Lavington,"60,000,000"
3,House,0,1,0,1,0,Syokimau,"14,000,000"
3,House,0,0,0,0,0,Vipingo,"68,000,000"
5,Townhouse,0,1,0,0,0,Lavington,"95,000,000"
4,Villa,0,1,0,0,0,Westlands,"130,000,000"
4,Villa,0,1,0,0,0,Ruiru,"12,600,000"
4,House,0,1,0,0,0,Muthaiga,"36,000,000"
3,Townhouse,0,1,0,0,0,Mtwapa,"7,500,000"
3,Villa,0,1,0,0,0,Kilifi County,"42,000,000"
4,Townhouse,0,1,0,0,0,Kitengela,"17,000,000"
6,Townhouse,0,1,0,1,0,Lavington,"55,000,000"
4,House,0,1,0,0,0,Karen,"75,000,000"
4,NOT PROVIDED,0,0,0,0,0,Westlands,"130,000,000"
5,House,0,1,0,0,0,Westlands,"550,000,000"
5,House,0,1,0,0,0,Karen,"120,000,000"
4,Townhouse,0,1,0,0,0,South B,"20,000,000"
5,Townhouse,0,1,0,1,0,Kileleshwa,"52,000,000"
4,Villa,0,1,0,0,0,Ruiru,"15,500,000"
5,House,0,1,0,0,0,Kiambu Road,"90,000,000"
4,Townhouse,0,1,0,0,0,Limuru,"50,000,000"
4,Villa,0,1,0,0,0,Karen,"75,000,000"
3,NOT PROVIDED,0,0,0,0,0,Langata,"12,500,000"
4,House,0,1,0,0,0,Nyali Area,"50,000,000"
3,House,0,0,0,0,0,Kitengela,"10,500,000"
5,House,0,1,0,0,0,Thika,"30,000,000"
5,Townhouse,0,1,0,0,0,Westlands,"200,000,000"
3,House,0,1,0,0,0,Kitengela,"9,500,000"
3,Townhouse,0,1,0,0,0,Westlands,"38,500,000"
3,House,0,0,0,0,0,Ongata Rongai,"6,500,000"
4,House,0,1,0,0,0,Kiambu Road,"36,000,000"
3,House,0,1,0,0,0,Nyali,"30,000,000"
6,Villa,0,1,0,0,0,Lavington,"120,000,000"
5,Townhouse,0,1,0,0,0,Komarock,"9,000,000"
5,House,0,1,0,0,0,Westlands,"100,000,000"
5,House,0,1,0,0,0,Karen,"299,700,000"
5,NOT PROVIDED,0,0,0,0,0,Lavington,"95,000,000"
5,Townhouse,0,1,0,0,0,Lavington,"60,000,000"
4,Townhouse,0,1,0,0,0,Westlands,"58,000,000"
5,Townhouse,0,1,0,0,0,Karen,"180,000,000"
4,NOT PROVIDED,0,0,0,0,0,Limuru,"17,500,000"
5,House,0,0,0,0,0,Karen,"95,000,000"
4,House,0,1,0,0,0,Ruiru,"28,500,000"
6,Townhouse,0,1,0,0,0,Langata,"28,250,000"
5,Villa,0,1,0,1,0,Karen,"99,000,000"
5,Villa,0,1,0,0,0,Diani,"68,000,000"
4,House,0,1,0,0,0,Athi River,"22,500,000"
6,Villa,0,1,0,0,0,Kikambala,"28,500,000"
5,Villa,0,1,0,0,0,Kiambu Road,"65,000,000"
4,Townhouse,0,1,0,0,0,Westlands,"49,000,000"
4,Townhouse,0,1,0,0,0,Westlands,"40,000,000"
3,NOT PROVIDED,0,0,0,0,0,Kikambala,"15,000,000"
6,Villa,0,1,0,0,0,Mtwapa,"38,000,000"
5,Townhouse,0,1,0,0,0,Westlands,"260,000,000"
6,House,0,1,0,0,0,Ruiru,"28,000,000"
5,House,0,0,0,0,0,Westlands,"40,000,000"
6,Villa,0,1,0,0,0,Lavington,"121,000,000"
5,Villa,0,1,0,0,0,Thika,"24,000,000"
4,Townhouse,0,1,0,0,0,Kikuyu,"12,500,000"
4,Townhouse,0,1,0,0,0,Kiambu Road,"36,000,000"
5,Villa,0,1,0,0,0,Karen,"78,000,000"
4,House,0,1,0,0,0,Westlands,"200,000,000"
4,Villa,0,1,0,0,0,Ruiru,"12,500,000"
3,House,0,1,0,0,0,Ruiru,"7,300,000"
4,House,0,1,0,0,0,Ngong,"27,000,000"
4,House,0,1,0,0,0,Ruiru,"12,000,000"
4,Villa,0,1,0,0,0,Lavington,"88,000,000"
3,House,0,0,1,0,0,Mtwapa,"39,000,000"
5,Townhouse,0,1,0,0,0,Athi River,"43,580,000"
4,Villa,0,1,0,0,0,Bamburi,"8,950,000"
4,NOT PROVIDED,0,0,0,0,0,Vipingo,"21,000,000"
5,House,0,1,0,0,0,Westlands,"150,000,000"
4,House,0,0,1,0,0,Kiambu Road,"34,450,000"
4,House,0,0,0,0,0,Bamburi,"15,000,000"
8,House,0,1,0,0,0,Nyali,"25,000,000"
3,House,0,1,0,0,0,Ongata Rongai,"6,500,000"
6,NOT PROVIDED,0,0,0,0,0,Muthaiga,"350,000,000"
4,House,0,1,0,0,0,Ruiru,"25,000,000"
4,House,0,1,0,0,0,Athi River,"12,000,000"
3,House,0,0,0,0,0,Kitengela,"6,200,000"
6,Townhouse,0,1,0,0,0,Lavington,"65,000,000"
4,House,0,1,0,0,0,Kilimani,"36,000,000"
5,House,0,0,0,0,0,Westlands,"47,500,000"
5,NOT PROVIDED,0,0,0,0,0,Nairobi,"75,000,000"
3,House,0,1,0,0,1,Kitengela,"10,000,000"
3,NOT PROVIDED,0,0,0,0,0,Kitengela,"6,000,000"
4,Townhouse,0,1,0,0,0,Nyali,"13,000,000"
5,Townhouse,0,1,0,1,0,Kileleshwa,"55,000,000"
4,House,0,1,0,0,0,Kiambu Road,"37,000,000"
3,House,0,1,0,0,0,Kitengela,"6,300,000"
5,Townhouse,0,1,0,1,0,Westlands,"67,000,000"
4,Villa,0,1,0,0,0,Athi River,"25,000,000"
6,Villa,0,1,0,0,0,Lavington,"110,000,000"
3,House,0,1,0,0,0,Kenyatta Road,"9,500,000"
5,House,0,1,0,0,0,Lavington,"80,000,000"
5,House,0,0,0,0,0,Westlands,"100,000,000"
3,Townhouse,0,1,0,0,0,Ruiru,"29,000,000"
5,House,0,1,0,0,0,Syokimau,"24,000,000"
4,House,0,0,0,0,0,Karen,"55,000,000"
5,NOT PROVIDED,0,0,0,0,0,Nyali,"100,000,000"
3,House,0,1,0,0,0,Bamburi,"14,000,000"
2,Townhouse,0,1,0,0,0,Mtwapa,"18,000,000"
4,Townhouse,0,1,0,0,0,Karen,"75,000,000"
3,Townhouse,0,1,0,0,0,South C,"16,500,000"
4,Villa,0,1,0,1,0,Ngong,"24,500,000"
3,House,0,0,0,0,0,Kitengela,"6,500,000"
5,House,0,1,0,0,0,Westlands,"135,000,000"
6,Villa,0,1,0,0,0,Mtwapa,"50,000,000"
3,House,0,1,0,0,0,Ngong,"7,500,000"
3,Villa,0,1,0,0,0,Bofa,"40,000,000"
5,Townhouse,0,1,0,1,0,Lavington,"63,000,000"
5,House,0,1,0,0,0,Westlands,"80,000,000"
4,NOT PROVIDED,0,0,0,0,0,Nyali,"33,000,000"
4,NOT PROVIDED,0,0,0,0,0,Kilimani,"49,000,000"
3,House,0,1,0,0,0,Imara Daima,"11,000,000"
3,House,0,1,0,0,0,Kitengela,"6,700,000"
7,NOT PROVIDED,0,0,0,0,0,Westlands,"85,000,000"
3,Townhouse,0,1,0,1,0,Roysambu,"18,500,000"
4,Townhouse,0,1,0,0,0,Langata,"26,000,000"
4,Townhouse,0,1,0,0,0,Westlands,"65,000,000"
3,House,0,1,0,0,0,Kitengela,"6,200,000"
5,NOT PROVIDED,0,0,0,0,0,South C,"26,000,000"
4,Villa,0,1,0,0,0,Bofa,"140,000,000"
3,Townhouse,0,1,0,0,0,Mtwapa,"6,500,000"
4,Townhouse,0,1,0,0,0,Ngong,"17,500,000"
5,NOT PROVIDED,0,0,0,0,0,Kisauni,"35,000,000"
3,Townhouse,0,1,0,0,0,Kiambu Road,"25,000,000"
6,House,0,1,0,0,0,Bamburi,"38,500,000"
3,House,0,1,0,0,0,Kitengela,"6,200,000"
5,NOT PROVIDED,0,0,0,0,0,Westlands,"50,000,000"
4,Townhouse,0,1,0,0,0,South C,"20,950,000"
7,House,0,1,0,0,0,Westlands,"130,000,000"
4,Townhouse,0,1,0,1,0,Kilimani,"40,000,000"
5,Townhouse,0,1,0,0,0,Westlands,"150,000,000"
4,Townhouse,0,1,0,0,0,Syokimau,"12,000,000"
4,Villa,0,1,0,0,0,Athi River,"13,000,000"
3,House,0,1,0,0,0,Kitengela,"4,500,000"
5,Townhouse,0,1,0,0,0,Westlands,"68,500,000"
3,House,0,1,0,0,0,Ongata Rongai,"6,500,000"
4,Townhouse,0,1,0,0,0,Ngong,"24,500,000"
3,Townhouse,0,0,1,1,0,Kiambu Road,"35,000,000"
5,House,0,1,0,0,0,Westlands,"85,000,000"
5,House,0,1,0,0,0,Roysambu,"23,000,000"
5,Townhouse,0,1,0,0,0,Lavington,"65,000,000"
3,House,0,0,0,1,0,Nairobi West,"15,000,000"
3,House,0,1,0,0,0,Juja,"6,750,000"
5,House,0,1,0,0,0,Westlands,"85,000,000"
4,Townhouse,0,1,0,0,0,Kiambu Road,"32,000,000"
4,House,0,1,0,0,0,Kitengela,"6,000,000"
4,Townhouse,0,1,0,1,0,Westlands,"32,000,000"
4,House,0,1,0,0,0,Kilimani,"46,000,000"
4,House,0,0,0,0,0,South C,"22,500,000"
5,Townhouse,0,1,0,0,0,Kilimani,"40,000,000"
4,Townhouse,0,1,0,0,0,Westlands,"135,000,000"
4,House,0,1,0,0,0,Kitengela,"7,400,000"
3,House,0,1,0,0,0,Ruiru,"9,250,000"
3,House,0,0,0,0,0,Kitengela,"5,500,000"
4,NOT PROVIDED,0,0,0,0,0,Buruburu,"23,000,000"
5,Townhouse,0,1,0,1,0,Lavington,"55,000,000"
3,NOT PROVIDED,0,0,0,0,0,Ngumo Estate,"19,000,000"
5,Townhouse,0,1,0,0,0,Westlands,"100,000,000"
4,House,0,1,0,0,0,Syokimau,"15,500,000"
6,Villa,0,1,0,0,0,Lavington,"121,000,000"
6,House,0,1,0,0,0,Shanzu,"340,000,000"
3,Villa,0,1,0,0,0,Mtwapa,"7,500,000"
6,House,0,0,0,0,0,Limuru,"90,000,000"
3,Townhouse,0,1,0,0,0,Ruiru,"8,500,000"
6,House,0,1,0,0,0,Westlands,"150,000,000"
6,House,0,1,0,0,0,Westlands,"120,000,000"
6,House,0,1,0,0,0,Karen,"135,000,000"
3,House,0,1,0,0,0,Juja,"10,500,000"
4,House,0,1,0,0,0,Kitengela,"6,200,000"
3,House,0,1,0,0,0,Nyali,"28,000,000"
1,House,1,0,0,0,0,Kitengela,"15,000,000"
5,NOT PROVIDED,0,0,0,0,0,Nyali,"480,000,000"
4,House,0,0,0,0,0,Karen,"70,000,000"
4,House,0,1,0,0,0,Kenyatta Road,"39,000,000"
4,Townhouse,0,0,0,0,0,Lavington,"85,000,000"
6,House,0,1,0,0,0,Westlands,"125,000,000"
6,House,0,1,0,0,0,Westlands,"115,000,000"
4,Townhouse,0,1,0,1,0,Ruiru,"28,000,000"
3,Villa,0,1,0,0,0,Diani,"6,950,000"
4,House,0,1,0,0,0,Kiambu Road,"22,000,000"
5,NOT PROVIDED,0,0,0,0,0,Lavington,"65,000,000"
6,NOT PROVIDED,0,0,0,0,0,Diani,"180,000,000"
5,House,0,0,1,0,0,Lavington,"80,000,000"
4,Villa,0,1,0,0,0,Ruiru,"18,500,000"
6,House,0,1,0,0,0,Karen,"150,000,000"
3,Townhouse,0,1,0,0,0,Westlands,"16,000,000"
5,House,0,1,0,0,0,Westlands,"280,000,000"
5,Townhouse,0,1,0,0,0,Lavington,"80,000,000"
5,House,0,1,0,0,0,Ruiru,"19,500,000"
5,NOT PROVIDED,0,0,0,0,0,Westlands,"55,000,000"
3,Townhouse,0,0,0,0,0,Westlands,"45,000,000"
5,House,0,1,0,0,0,Westlands,"100,000,000"
4,House,0,1,0,0,0,Mombasa Road,"15,000,000"
4,Townhouse,0,1,0,0,0,Changamwe,"14,000,000"
5,Townhouse,0,1,0,0,0,Langata,"27,000,000"
5,Villa,0,1,0,0,0,Lavington,"58,000,000"
1,Villa,0,1,0,0,0,Mombasa Island,"600,000,000"
2,House,0,1,0,0,0,Naivasha,"87,000,000"
3,House,0,1,0,0,0,Ruiru,"8,600,000"
6,House,0,1,0,0,0,Lavington,"110,000,000"
3,House,0,1,0,0,0,Kenyatta Road,"5,800,000"
5,Villa,0,1,0,0,0,Karen,"115,000,000"
4,House,0,1,0,0,0,Muchatha and Banana,"17,500,000"
4,Townhouse,0,1,0,0,0,Limuru,"55,000,000"
4,House,0,1,0,0,0,Karen,"65,000,000"
4,House,0,1,0,0,0,Karen,"80,000,000"
3,Townhouse,0,1,0,0,1,Mtwapa,"7,500,000"
4,Townhouse,0,1,0,0,0,Kitengela,"11,500,000"
5,Villa,0,1,0,0,0,Ngong,"16,500,000"
4,Villa,0,1,0,0,0,Nyali,"62,000,000"
4,House,0,1,0,0,0,Nyali Area,"40,000,000"
6,Villa,0,1,0,0,0,Westlands,"75,000,000"
4,Villa,0,1,0,0,0,Machakos County,"20,000,000"
3,House,0,1,0,0,0,Ruiru,"12,500,000"
4,House,0,1,0,0,0,Syokimau,"23,000,000"
4,NOT PROVIDED,0,0,0,0,0,Westlands,"39,000,000"
5,House,0,0,1,0,0,Langata,"145,000,000"
4,House,0,1,0,0,0,Nyali,"45,000,000"
4,Townhouse,0,1,0,0,0,Lavington,"75,000,000"
4,Townhouse,0,1,0,0,0,Westlands,"43,000,000"
3,House,0,1,0,1,0,Thika Road,"6,750,000"
5,House,0,1,0,0,0,Westlands,"150,000,000"
5,House,0,1,0,0,0,Ruiru,"14,150,000"
5,House,0,1,0,0,0,Kileleshwa,"270,000,000"
4,House,0,1,0,0,0,Westlands,"300,000,000"
4,NOT PROVIDED,0,0,0,0,0,Kiserian,"65,000,000"
4,NOT PROVIDED,0,0,0,0,0,Karen,"180,000,000"
5,House,0,1,0,0,0,Westlands,"130,000,000"
3,NOT PROVIDED,0,0,0,0,0,Malindi,"18,000,000"
3,NOT PROVIDED,0,0,0,0,0,Ukunda,"42,000,000"
4,House,0,1,0,0,0,Kitengela,"16,000,000"
5,Townhouse,0,1,0,0,0,Lavington,"66,000,000"
3,Villa,0,1,0,0,0,Limuru,"50,000,000"
4,House,0,1,0,0,0,Changamwe,"8,000,000"
4,Villa,0,1,0,0,0,Thika,"27,000,000"
4,House,0,1,0,0,0,Shanzu,"17,500,000"
4,Townhouse,0,1,0,0,0,Kiambu Road,"32,000,000"
5,NOT PROVIDED,0,0,0,0,0,Roysambu,"25,000,000"
4,House,0,1,0,0,0,Ruiru,"17,500,000"
3,House,0,1,0,0,0,Westlands,"684,000,000"
4,House,0,1,0,0,0,Limuru,"14,000,000"
3,House,0,1,0,1,0,Kitengela,"10,000,000"
3,House,0,1,0,0,0,Kitengela,"6,500,000"
5,House,0,1,0,0,0,Karen,"105,000,000"
4,NOT PROVIDED,0,0,0,0,0,Bamburi,"11,500,000"
5,House,0,0,1,0,0,Naivasha,"75,000,000"
5,Townhouse,0,1,0,0,0,Lavington,"50,000,000"
4,Townhouse,0,1,0,0,0,Westlands,"34,000,000"
4,House,0,1,0,0,0,Langata,"20,000,000"
5,House,0,1,0,0,0,Ruiru,"30,000,000"
3,NOT PROVIDED,0,0,0,0,0,Lavington,"235,000,000"
5,NOT PROVIDED,0,0,0,0,0,Ridgeways,"80,000,000"
5,Townhouse,0,1,0,0,0,Nyali,"90,000,000"
4,Villa,0,1,0,0,0,Bamburi,"16,500,000"
6,Villa,0,1,0,0,0,Kenyatta Road,"28,000,000"
7,House,0,1,0,0,0,Westlands,"120,000,000"
4,Townhouse,0,1,0,0,0,Kiambu Road,"30,000,000"
4,House,0,1,0,0,0,Kitengela,"11,000,000"
3,House,0,1,0,0,0,Ruiru,"8,500,000"
4,Townhouse,0,0,1,0,0,Westlands,"34,400,000"
6,House,0,1,0,0,0,Westlands,"90,000,000"
5,House,0,1,0,0,0,Mombasa Island,"58,000,000"
4,Villa,0,1,0,0,0,Syokimau,"14,500,000"
4,Villa,0,1,0,0,0,Kitengela,"15,900,000"
4,Villa,0,1,0,0,0,Kiambu Road,"28,000,000"
5,House,0,1,0,0,0,Kenyatta Road,"39,500,000"
3,House,0,1,0,1,0,Kenyatta Road,"10,500,000"
4,House,0,1,0,0,0,Ruiru,"15,500,000"
3,Townhouse,0,1,0,1,0,Nyali,"13,000,000"
5,House,0,1,0,0,0,Westlands,"200,000,000"
5,House,0,1,0,0,0,Westlands,"125,000,000"
4,Villa,0,1,0,0,0,Kiserian,"60,000,000"
2,House,0,0,0,0,0,Nanyuki,"6,800,000"
3,House,0,1,0,0,0,Ruaka,"8,500,000"
5,House,0,1,0,0,0,Westlands,"275,000,000"
5,House,0,1,0,0,0,Kiambu Road,"60,000,000"
3,House,0,1,0,0,0,Kamulu Joska Malaa,"7,700,000"
5,NOT PROVIDED,0,0,0,0,0,Westlands,"250,000,000"
4,Townhouse,0,1,0,0,0,Kitengela,"11,500,000"
5,Villa,0,1,0,1,0,Karen,"90,000,000"
5,Townhouse,0,1,0,0,0,Westlands,"60,000,000"
3,NOT PROVIDED,0,0,0,0,0,Five Star Paradise,"29,700,000"
4,House,0,1,0,0,0,Westlands,"135,000,000"
5,Villa,0,1,0,0,0,Westlands,"130,000,000"
3,Townhouse,0,0,1,0,0,Nyali,"19,000,000"
4,House,0,1,0,0,0,Ruiru,"14,150,000"
5,Townhouse,0,0,0,0,0,Lavington,"60,000,000"
4,Townhouse,0,1,0,0,0,Lavington,"80,000,000"
6,NOT PROVIDED,0,0,0,0,0,South C,"100,000,000"
5,Townhouse,0,1,0,0,0,Lavington,"43,000,000"
5,Villa,0,1,0,0,0,Karen,"80,000,000"
4,Townhouse,0,1,0,0,0,Westlands,"40,000,000"
5,House,0,1,0,0,0,Karen,"67,000,000"
5,Villa,0,1,0,0,0,Ruiru,"22,000,000"
4,NOT PROVIDED,0,0,0,0,0,Nyali,"105,000,000"
4,Villa,0,1,0,0,0,Syokimau,"13,500,000"
5,House,0,1,0,0,0,Westlands,"170,000,000"
3,House,0,1,0,1,0,Acacia,"7,500,000"
4,Townhouse,0,1,0,0,0,Lavington,"75,000,000"
4,House,0,1,0,0,0,South B,"22,000,000"
6,House,0,1,0,0,0,Westlands,"120,000,000"
4,Townhouse,0,1,0,0,0,South C,"18,500,000"
4,Townhouse,0,1,0,0,0,Muthaiga,"38,000,000"
4,House,0,0,0,0,1,Roysambu,"55,000,000"
5,House,0,1,0,0,0,Westlands,"90,000,000"
4,House,0,1,0,0,0,Kitengela,"17,000,000"
4,House,0,1,0,0,0,Karen,"130,000,000"
4,House,0,1,0,0,0,Muthaiga,"300,000,000"
3,House,0,1,0,0,0,Kenyatta Road,"10,500,000"
3,Townhouse,0,1,0,0,0,Kiambu Road,"38,500,000"
5,House,0,1,0,0,0,Nyali Area,"32,000,000"
3,NOT PROVIDED,0,0,0,0,0,Buruburu,"10,000,000"
3,House,0,1,0,0,0,Mombasa Island,"16,000,000"
4,House,0,1,0,0,0,Muthaiga,"115,000,000"
6,House,0,1,0,0,0,Mombasa Island,"110,000,000"
4,Townhouse,0,1,0,0,0,Lavington,"120,000,000"
3,House,0,1,0,0,0,Ongata Rongai,"6,800,000"
5,Townhouse,0,1,0,0,0,Lavington,"95,000,000"
3,House,0,1,0,0,0,Kitengela,"6,200,000"
5,Townhouse,0,1,0,0,0,Ngong,"16,000,000"
7,House,0,1,0,0,0,Karen,"170,000,000"
4,House,0,1,0,0,0,Westlands,"125,000,000"
4,Villa,0,1,0,0,0,Athi River,"35,000,000"
4,Townhouse,0,1,0,0,0,Lavington,"65,000,000"
3,House,0,1,0,0,0,Juja,"6,750,000"
5,House,0,1,0,0,0,Nyali,"42,000,000"
5,Villa,0,1,0,0,0,Karen,"180,000,000"
4,Townhouse,0,1,0,0,0,Kitengela,"13,500,000"
4,Villa,0,1,0,0,0,Westlands,"130,000,000"
4,House,0,1,0,0,0,Lavington,"48,000,000"
4,Villa,0,1,0,0,0,Bofa,"170,000,000"
3,House,0,1,0,0,0,Ongata Rongai,"6,500,000"
5,House,0,1,0,0,0,Kiambu Town,"26,500,000"
4,NOT PROVIDED,0,0,0,0,0,Nyali,"24,000,000"
4,House,0,1,0,0,0,Nyali,"62,000,000"
5,House,0,1,0,0,0,Westlands,"120,000,000"
3,House,0,0,1,0,0,Langata,"171,375,000"
4,House,0,1,0,0,0,Syokimau,"20,000,000"
4,Villa,0,1,0,0,0,Thika,"20,000,000"
4,House,0,1,0,0,0,Lavington,"80,000,000"
6,House,0,1,0,0,0,Athi River,"133,000,000"
5,NOT PROVIDED,0,0,0,0,0,Imara Daima,"18,500,000"
3,House,0,1,0,0,0,Syokimau,"12,000,000"
3,House,0,1,0,0,0,Kenyatta Road,"10,500,000"
7,NOT PROVIDED,0,0,0,0,0,Westlands,"90,000,000"
4,Townhouse,0,1,0,0,0,Westlands,"49,000,000"
5,House,0,1,0,0,0,Westlands,"250,000,000"
4,Townhouse,0,1,0,1,0,Westlands,"50,000,000"
5,House,0,1,0,0,0,Juja,"21,950,000"
4,House,0,0,0,0,0,Westlands,"110,000,000"
4,Townhouse,0,1,0,0,0,Kikuyu,"12,000,000"
5,NOT PROVIDED,0,0,0,0,0,Mombasa Island,"100,000,000"
5,House,0,0,1,1,0,Westlands,"118,000,000"
3,House,0,1,0,0,1,Kilimani,"23,000,000"
3,House,0,1,0,0,0,Vipingo,"40,000,000"
2,House,0,0,0,0,0,Syokimau,"7,500,000"
3,House,0,1,0,1,0,Mombasa Road,"16,500,000"
4,Townhouse,0,1,0,1,0,South C,"32,000,000"
4,Townhouse,0,0,1,0,0,Kiambu Road,"29,500,000"
4,House,0,1,0,0,0,Donholm,"13,500,000"
5,Townhouse,0,1,0,1,0,Syokimau,"15,500,000"
3,Townhouse,0,1,0,0,0,Kiambu Road,"26,000,000"
4,NOT PROVIDED,0,0,0,0,0,Watamu,"60,000,000"
5,House,0,1,0,0,0,Lavington,"42,000,000"
3,House,0,1,0,0,0,Diani,"38,000,000"
3,House,0,1,0,0,0,Nyali,"48,000,000"
5,House,0,1,0,0,0,Karen,"120,000,000"
4,Villa,0,1,0,0,0,Nyali Area,"75,000,000"
5,House,0,1,0,0,0,Shanzu,"250,000,000"
5,Townhouse,0,1,0,0,0,Lavington,"65,000,000"
4,Townhouse,0,1,0,0,0,Westlands,"65,000,000"
4,Villa,0,1,0,0,0,Kiambu Road,"57,000,000"
4,House,0,1,0,0,0,Ngong,"25,000,000"
3,House,0,1,0,0,0,Nanyuki,"16,500,000"
3,House,0,1,0,0,0,Kitengela,"6,000,000"
5,Townhouse,0,0,1,0,0,Westlands,"90,000,000"
4,NOT PROVIDED,0,0,0,0,0,Westlands,"33,000,000"
3,House,0,1,0,0,0,Athi River,"11,700,000"
4,NOT PROVIDED,0,0,0,0,0,Westlands,"34,000,000"
3,House,0,1,0,0,0,Ongata Rongai,"13,000,000"
4,Villa,0,1,0,0,0,Kiambu Road,"38,000,000"
4,House,0,1,0,0,0,Ruiru,"28,500,000"
7,House,0,1,0,0,0,Thika,"20,000,000"
4,Townhouse,0,1,0,0,0,Lavington,"69,000,000"
3,Villa,0,1,0,0,0,Shanzu,"75,000,000"
3,House,0,1,0,0,0,Ngong,"15,000,000"
4,Townhouse,0,1,0,0,0,Kiambu Road,"29,500,000"
4,House,0,1,0,1,0,Kitengela,"5,800,000"
3,Townhouse,0,1,0,0,0,Juja,"9,500,000"
3,NOT PROVIDED,0,0,0,0,0,Kitengela,"4,500,000"
5,Townhouse,0,1,0,0,0,Westlands,"120,000,000"
4,House,0,1,0,0,0,Ngong,"14,500,000"
3,Townhouse,0,1,0,0,0,Westlands,"40,000,000"
4,Townhouse,0,1,0,0,0,Westlands,"60,000,000"
5,House,0,1,0,0,0,Karen,"99,000,000"
4,Townhouse,0,1,0,0,0,Kiambu Road,"47,000,000"
5,Townhouse,0,1,0,1,0,Lavington,"55,000,000"
5,House,0,1,0,0,0,Westlands,"230,000,000"
3,Townhouse,0,1,0,0,0,Buruburu,"10,000,000"
4,Townhouse,0,1,0,1,0,Kiambu Road,"24,500,000"
4,House,0,1,0,0,0,Westlands,"75,000,000"
3,House,0,1,0,0,0,Juja,"8,500,000"
5,House,0,1,0,0,0,Westlands,"200,000,000"
4,House,0,1,0,0,0,Syokimau,"18,000,000"
5,House,0,0,1,0,0,Syokimau,"23,000,000"
4,Townhouse,0,0,0,0,0,Syokimau,"14,500,000"
5,NOT PROVIDED,0,0,0,0,0,Lavington,"55,000,000"
4,NOT PROVIDED,0,0,0,0,0,Westlands,"35,000,000"
4,Townhouse,0,1,0,0,0,Kitengela,"17,000,000"
4,House,0,1,0,0,0,Mombasa Island,"16,500,000"
2,House,0,1,0,0,0,Bamburi,"5,500,000"
4,House,0,1,0,0,0,Ongata Rongai,"12,000,000"
4,House,0,1,0,0,0,Karen,"65,000,000"
3,House,0,1,0,0,0,Kitengela,"9,000,000"
5,House,0,1,0,0,0,Karen,"60,000,000"
5,House,0,1,0,0,0,Kitengela,"11,000,000"
4,Townhouse,0,1,0,0,0,Langata,"42,000,000"
4,House,0,0,0,0,0,Roysambu,"15,000,000"
4,House,0,1,0,0,0,Westlands,"45,000,000"
4,House,0,0,0,0,0,Westlands,"98,000,000"
5,House,0,1,0,0,0,Syokimau,"24,000,000"
4,Villa,0,1,0,0,0,Westlands,"47,000,000"
4,Townhouse,0,1,0,0,0,Westlands,"130,000,000"
4,Villa,0,1,0,0,0,Nyali,"55,000,000"
5,House,0,1,0,0,1,Roysambu,"59,000,000"
4,House,0,0,0,0,0,Westlands,"35,000,000"
4,NOT PROVIDED,0,0,0,0,0,Westlands,"34,000,000"
4,Townhouse,0,0,0,0,0,Lavington,"75,000,000"
5,Townhouse,0,1,0,0,0,Westlands,"50,000,000"
4,Townhouse,0,1,0,0,0,Westlands,"49,000,000"
3,House,0,1,0,0,0,Athi River,"13,600,000"
3,House,0,1,0,0,0,South C,"12,700,000"
2,NOT PROVIDED,0,0,0,0,0,Kikambala,"17,000,000"
3,Villa,0,1,0,0,0,Kikambala,"39,000,000"
4,House,0,1,0,0,0,Mombasa Island,"170,000,000"
5,NOT PROVIDED,0,0,0,0,0,Westlands,"120,000,000"
4,House,0,1,0,0,0,Kiambu Road,"85,000,000"
5,Townhouse,0,1,0,0,0,Lavington,"90,000,000"
4,House,0,1,0,0,0,Syokimau,"33,000,000"
4,Townhouse,0,1,0,0,0,Nyali,"43,000,000"
4,Townhouse,0,1,0,0,0,Kilimani,"53,000,000"
4,House,0,1,0,0,0,Nairobi,"165,000,000"
5,House,0,0,1,0,0,Karen,"220,863,379"
5,House,0,1,0,0,0,Ridgeways,"85,000,000"
4,Townhouse,0,1,0,0,0,Nyali,"33,000,000"
3,Townhouse,0,1,0,0,0,Athi River,"10,900,000"
5,Townhouse,0,1,0,0,0,Lavington,"65,000,000"
4,Townhouse,0,1,0,0,0,Kikuyu,"13,000,000"
3,House,0,0,0,0,0,Karen,"75,000,000"
4,Townhouse,0,1,0,0,0,Ngong,"25,000,000"
4,House,0,1,0,0,0,Kitengela,"10,500,000"
4,House,0,1,0,0,0,Westlands,"90,000,000"
3,House,0,0,0,0,0,Muchatha and Banana,"8,500,000"
3,House,0,0,0,0,0,Kitengela,"6,000,000"
4,NOT PROVIDED,0,0,0,0,0,Nyali,"110,000,000"
5,Villa,0,1,0,1,0,Kitengela,"20,000,000"
5,NOT PROVIDED,0,0,0,0,0,Kileleshwa,"65,000,000"
5,Townhouse,0,1,0,0,0,Lavington,"50,000,000"
4,Townhouse,0,1,0,0,0,Mombasa Island,"85,000,000"
3,House,0,1,0,0,0,Kamulu Joska Malaa,"5,990,000"
5,Townhouse,0,1,0,0,0,Kileleshwa,"35,000,000"
4,House,0,1,0,0,0,Nyali,"40,000,000"
3,NOT PROVIDED,0,0,0,0,0,South C,"17,800,000"
5,NOT PROVIDED,0,0,0,0,0,Ongata Rongai,"40,000,000"
3,Villa,0,1,0,0,0,Kitengela,"7,000,000"
3,House,0,0,0,0,0,Ruiru,"6,300,000"
3,Villa,0,0,0,0,0,Ruiru,"7,800,000"
6,Townhouse,0,1,0,0,0,Ongata Rongai,"45,000,000"
7,House,0,1,0,0,0,Karen,"100,000,000"
5,House,0,0,0,0,0,Westlands,"48,000,000"
4,House,0,1,0,0,0,Syokimau,"18,000,000"
3,House,0,1,0,0,0,Ruiru,"11,500,000"
4,Villa,0,1,0,0,0,Kiambu Road,"30,000,000"
4,House,0,1,0,0,0,Ruiru,"15,500,000"
3,NOT PROVIDED,0,0,0,0,0,Langata,"16,000,000"
3,House,0,1,0,0,0,Ngong,"14,500,000"
4,NOT PROVIDED,0,0,0,0,0,Nyali,"150,000,000"
5,House,0,1,0,0,0,Mombasa Island,"70,000,000"
3,Townhouse,0,1,0,0,0,Mombasa Road,"35,000,000"
5,Townhouse,0,0,0,0,0,Westlands,"45,000,000"
5,Villa,0,1,0,0,0,Westlands,"85,000,000"
4,Townhouse,0,1,0,0,0,Westlands,"40,000,000"
5,NOT PROVIDED,0,0,0,0,0,Westlands,"160,000,000"
5,Villa,0,1,0,0,0,Westlands,"100,000,000"
3,House,0,1,0,0,0,Ngong,"7,600,000"
1,House,0,1,0,0,0,Malindi,"4,800,000"
3,House,0,1,0,1,0,Kenyatta Road,"10,250,000"
4,House,0,1,0,0,0,Kitengela,"6,200,000"
4,House,0,1,0,0,0,Westlands,"40,000,000"
3,Townhouse,0,1,0,0,0,Mtwapa,"27,000,000"
4,House,0,0,0,0,0,Kitengela,"10,000,000"
4,House,0,1,0,0,0,Westlands,"45,800,000"
3,House,0,1,0,0,0,Imara Daima,"12,000,000"
4,NOT PROVIDED,0,0,0,0,0,Vipingo,"97,000,000"
3,NOT PROVIDED,0,0,0,0,0,Kitengela,"6,000,000"
6,House,0,1,0,0,0,Karen,"130,000,000"
3,House,0,1,0,0,0,Athi River,"8,000,000"
4,House,0,1,0,0,0,Nyali Area,"75,000,000"
4,House,0,1,0,0,0,Vipingo,"65,000,000"
3,Villa,0,1,0,0,0,Kikambala,"95,000,000"
4,Townhouse,0,1,0,1,0,Lavington,"52,000,000"
4,Townhouse,0,1,0,0,0,Lavington,"65,000,000"
4,House,0,1,0,0,0,Kiambu Road,"88,000,000"
4,House,0,1,0,0,0,Westlands,"100,000,000"
6,Villa,0,1,0,0,0,Lavington,"110,000,000"
6,House,0,1,0,0,0,Westlands,"120,000,000"
7,House,0,1,0,0,0,Westlands,"130,000,000"
3,Townhouse,0,1,0,0,0,Nyali,"21,000,000"
5,House,0,1,0,0,0,Westlands,"85,000,000"
3,House,0,1,0,0,0,Kikuyu,"12,000,000"
5,House,1,0,0,0,0,Ruiru,"25,500,000"
3,House,0,1,0,0,0,Ukunda,"5,250,000"
3,House,0,1,0,0,0,Ongata Rongai,"6,500,000"
3,House,0,1,0,0,0,Kiambu Road,"25,000,000"
3,House,0,0,0,0,0,Nanyuki,"72,000,000"
4,Townhouse,0,1,0,0,0,Lavington,"82,000,000"
5,Townhouse,0,1,0,0,0,Nyali,"60,000,000"
4,Townhouse,0,1,0,0,0,Westlands,"135,000,000"
4,Townhouse,0,1,0,0,0,Kajiado County,"12,500,000"
4,NOT PROVIDED,0,0,0,0,0,Shanzu,"45,000,000"
4,Townhouse,0,1,0,0,0,Kiambu Road,"85,000,000"
6,NOT PROVIDED,0,0,0,0,0,Nyali,"160,000,000"
4,Townhouse,0,1,0,1,0,Kiambu Road,"40,000,000"
3,NOT PROVIDED,0,0,0,0,0,Namanga,"24,000,000"
6,House,0,1,0,0,0,Karen Hardy,"120,000,000"
4,House,0,0,0,0,0,Naivasha,"90,000,000"
5,Townhouse,0,1,0,1,0,Westlands,"40,000,000"
5,House,0,1,0,0,0,Lavington,"40,000,000"
4,House,0,1,0,0,0,Kiambu Town,"24,500,000"
3,House,0,1,0,0,0,Kamulu Joska Malaa,"6,000,000"
4,House,0,1,0,0,0,Kiambu Road,"28,000,000"
4,Townhouse,0,1,0,0,0,Nyali,"18,500,000"
3,Townhouse,0,1,0,0,0,Kitengela,"12,000,000"
4,House,0,1,0,0,0,Westlands,"130,000,000"
2,Townhouse,0,0,1,0,0,Shanzu,"7,500,000"
4,House,0,1,0,1,0,Kitengela,"6,200,000"
1,House,0,1,0,0,0,Malindi,"4,450,000"
4,House,0,1,0,1,0,Kiambu Road,"24,500,000"
3,House,0,1,0,0,0,Ruiru,"8,600,000"
3,House,0,1,0,0,0,Watamu,"32,000,000"
4,Townhouse,0,1,0,0,0,Lavington,"65,000,000"
4,Villa,0,1,0,0,0,Mombasa Road,"20,000,000"
4,Townhouse,0,1,0,0,0,Lavington,"65,000,000"
5,NOT PROVIDED,0,0,0,0,0,Bamburi,"16,000,000"
4,House,0,1,0,0,0,Kiambu Road,"37,000,000"
4,Townhouse,0,1,0,0,0,Bamburi,"16,000,000"
5,Villa,0,0,0,0,0,Syokimau,"15,000,000"
5,NOT PROVIDED,0,0,0,0,0,Nyali,"25,500,000"
3,NOT PROVIDED,0,0,0,0,0,Kenyatta Road,"7,700,000"
3,House,0,1,0,0,0,Naivasha,"4,500,000"
4,Villa,0,1,0,0,0,Ngong,"14,500,000"
5,NOT PROVIDED,0,0,0,0,0,Nyali,"38,000,000"
3,House,0,0,0,0,0,Langata,"16,000,000"
8,House,0,1,0,1,0,Westlands,"160,000,000"
6,House,0,1,0,0,0,Westlands,"140,000,000"
4,NOT PROVIDED,0,0,0,1,0,Muthaiga,"40,000,000"
4,Townhouse,0,0,1,1,0,South C,"20,950,000"
4,Townhouse,0,1,0,0,0,Eastleigh,"12,000,000"
6,House,0,1,0,0,0,Westlands,"275,000,000"
3,Townhouse,0,1,0,0,0,Athi River,"6,500,000"
4,Villa,0,1,0,0,1,Roysambu,"27,000,000"
3,NOT PROVIDED,0,0,0,0,0,Mtwapa,"39,000,000"
4,House,0,1,0,0,0,South C,"26,000,000"
3,Villa,0,1,0,0,0,Kikambala,"20,000,000"
4,Townhouse,0,1,0,0,0,Syokimau,"15,500,000"
5,Townhouse,0,1,0,1,0,Westlands,"70,000,000"
4,House,0,1,0,0,0,Syokimau,"19,000,000"
3,Villa,0,1,0,0,0,Mtwapa,"7,500,000"
5,Villa,0,1,0,0,0,Westlands,"100,000,000"
3,Townhouse,0,1,0,0,0,Mtwapa,"7,500,000"
4,Villa,0,1,0,0,0,Vipingo,"55,000,000"
3,Townhouse,0,1,0,0,0,Mombasa Island,"27,000,000"
4,NOT PROVIDED,0,0,0,0,0,Westlands,"45,000,000"
6,House,0,1,0,0,0,Muthaiga,"350,000,000"
3,House,0,1,0,0,0,Embakasi,"12,500,000"
6,House,0,1,0,0,0,Shanzu,"70,000,000"
5,House,0,1,0,0,0,Westlands,"150,000,000"
3,House,0,1,0,0,0,Ruiru,"8,700,000"
4,House,0,1,0,0,0,Westlands,"85,000,000"
3,House,0,1,0,0,0,Ruiru,"7,500,000"
3,House,0,0,0,0,0,Gilgil,"17,000,000"
4,House,0,1,0,0,0,Nakuru County,"7,500,000"
3,House,0,1,0,0,0,Westlands,"648,000,000"
3,House,0,1,0,0,0,Syokimau,"12,500,000"
6,NOT PROVIDED,0,0,0,0,0,Kileleshwa,"28,500,000"
4,Townhouse,0,1,0,0,0,Ruai,"12,600,000"
5,Townhouse,0,0,0,0,0,Lavington,"75,000,000"
5,Townhouse,0,1,0,0,0,Westlands,"70,000,000"
4,Villa,0,1,0,0,0,Roysambu,"45,000,000"
3,Townhouse,0,0,0,0,0,Kiambu Road,"21,000,000"
5,Townhouse,0,1,0,0,0,Westlands,"65,000,000"
5,House,0,1,0,0,0,Limuru,"20,000,000"
3,NOT PROVIDED,0,0,0,0,0,Ngumo Estate,"16,000,000"
4,Townhouse,0,1,0,0,0,Westlands,"30,000,000"
4,Townhouse,0,1,0,0,0,Karen,"85,000,000"
4,House,0,1,0,1,0,Kiambu Road,"28,000,000"
4,Townhouse,0,0,1,0,0,Kiambu Road,"30,000,000"
2,House,0,1,0,0,0,Kikambala,"4,500,000"
4,NOT PROVIDED,0,0,0,0,0,Ruiru,"26,000,000"
4,Townhouse,0,1,0,0,0,Ruiru,"12,000,000"
3,House,0,0,0,0,0,Juja,"7,000,000"
4,Townhouse,0,1,0,0,0,Nyali,"26,000,000"
4,Townhouse,0,1,0,0,0,Westlands,"26,800,000"
6,House,0,1,0,0,0,Nyali,"85,000,000"
3,House,0,1,0,0,0,Vipingo,"14,800,000"
4,House,0,1,0,0,0,Kitengela,"15,900,000"
4,NOT PROVIDED,0,0,0,0,0,Nyali,"61,000,000"
4,House,0,1,0,1,0,Ngong,"16,500,000"
3,House,0,1,0,0,0,Juja,"6,750,000"
4,House,0,1,0,0,0,Kikambala,"85,000,000"
4,House,0,1,0,0,1,Mombasa Road,"14,000,000"
4,Townhouse,0,1,0,0,0,Ruiru,"15,500,000"
4,Villa,0,1,0,1,0,Kiambu Road,"29,990,000"
5,NOT PROVIDED,0,0,0,0,0,Kileleshwa,"55,000,000"
5,House,0,1,0,0,0,Ngong Road,"30,000,000"
5,Villa,0,1,0,0,0,Westlands,"160,000,000"
5,Townhouse,0,1,0,0,0,Lavington,"50,000,000"
3,House,0,1,0,0,0,Kiambu Road,"20,295,000"
2,House,0,1,0,0,0,Athi River,"11,980,000"
4,Villa,0,1,0,0,0,Kiambu Road,"29,400,000"
4,Townhouse,0,1,0,0,0,Karen,"12,000,000"
3,House,0,1,0,0,0,Nyali Area,"27,000,000"
4,NOT PROVIDED,0,0,0,0,0,Bamburi,"16,500,000"
3,Townhouse,0,1,0,0,0,Kikuyu,"8,500,000"
5,Townhouse,0,0,0,1,0,Lavington,"350,000,000"
4,Villa,0,1,0,0,0,Ruiru,"12,600,000"
4,House,0,1,0,0,0,Muthaiga,"138,000,000"
3,Townhouse,0,1,0,0,0,Nyali,"12,980,000"
8,House,0,1,0,0,0,Nyali,"85,000,000"
5,Villa,0,1,0,0,0,Kenyatta Road,"38,000,000"
3,House,0,0,0,0,0,Ongata Rongai,"6,800,000"
3,NOT PROVIDED,0,0,0,0,0,Kitengela,"6,250,000"
5,House,0,1,0,0,0,Mombasa Island,"70,000,000"
3,NOT PROVIDED,0,0,0,0,0,Kitengela,"6,200,000"
2,House,0,1,0,0,0,Ngong Road,"12,500,000"
4,House,0,1,0,0,0,Kilifi County,"95,000,000"
6,Townhouse,0,1,0,0,0,Thika,"45,000,000"
6,House,0,1,0,0,0,Nyali,"132,000,000"
4,Townhouse,0,1,0,0,0,Westlands,"30,000,000"
4,Villa,0,1,0,0,0,Karen,"75,000,000"
5,Townhouse,0,1,0,0,0,Lavington,"55,000,000"
4,NOT PROVIDED,0,0,0,0,0,Westlands,"211,840,000"
6,Townhouse,0,1,0,0,0,Kisumu,"70,000,000"
3,House,0,0,0,0,0,Kajiado County,"6,000,000"
9,House,0,1,0,0,0,Westlands,"72,000,000"
4,House,0,1,0,0,0,Nyali,"35,000,000"
3,House,0,0,0,0,0,Kitengela,"6,500,000"
4,Townhouse,0,1,0,0,0,Ngong,"16,500,000"
4,NOT PROVIDED,0,0,0,0,0,Athi River,"20,000,000"
3,House,0,1,0,0,0,Kitengela,"10,500,000"
5,Villa,0,1,0,0,0,Karen Hardy,"95,000,000"
5,Townhouse,0,1,0,0,0,Lavington,"55,000,000"
6,Villa,0,1,0,0,0,Lavington,"121,000,000"
3,Townhouse,0,1,0,0,0,Ridgeways,"24,000,000"
4,NOT PROVIDED,0,0,0,0,0,Westlands,"35,000,000"
4,Townhouse,0,1,0,0,0,Ngong,"12,500,000"
4,NOT PROVIDED,0,0,0,0,0,Westlands,"42,500,000"
5,House,0,1,0,0,0,Karen,"95,000,000"
4,House,0,0,0,0,0,Ongata Rongai,"12,000,000"
3,House,0,0,0,0,0,Kiserian,"5,800,000"
3,House,0,0,0,0,0,Kitengela,"6,300,000"
4,Townhouse,0,0,0,0,0,Nyali,"41,000,000"
5,NOT PROVIDED,0,0,0,0,0,Muthaiga,"270,000,000"
6,House,0,1,0,0,0,Thika,"45,000,000"
4,House,0,1,0,0,0,Westlands,"65,000,000"
3,House,0,0,0,0,0,Langata,"16,000,000"
6,House,0,1,0,0,0,Westlands,"80,000,000"
4,House,0,1,0,0,0,Kitengela,"5,500,000"
7,House,0,1,0,0,0,Nyali Area,"135,000,000"
5,Townhouse,0,1,0,0,0,Lavington,"55,000,000"
5,Townhouse,0,1,0,0,0,Syokimau,"35,000,000"
3,Townhouse,0,1,0,0,0,Kileleshwa,"33,000,000"
4,House,0,1,0,0,0,Ruiru,"26,000,000"
5,NOT PROVIDED,0,0,0,0,0,Lavington,"54,000,000"
3,NOT PROVIDED,0,0,0,0,0,Kileleshwa,"45,000,000"
5,Townhouse,0,1,0,0,0,Karen,"130,000,000"
4,House,0,1,0,0,0,Kikambala,"75,000,000"
4,NOT PROVIDED,0,0,0,0,0,Nyali,"33,000,000"
9,House,0,1,0,0,0,Westlands,"200,000,000"
5,Villa,0,1,0,0,0,Westlands,"100,000,000"
6,Villa,0,1,0,1,0,Westlands,"120,000,000"
6,Villa,0,1,0,0,0,Lavington,"121,000,000"
3,Villa,0,1,0,0,0,Mtwapa,"21,500,000"
3,Villa,0,1,0,0,0,Mtwapa,"45,000,000"
4,Townhouse,0,1,0,1,0,Westlands,"41,000,000"
4,Townhouse,0,1,0,0,0,Kileleshwa,"38,000,000"
5,Townhouse,0,1,0,0,0,Lavington,"50,000,000"
3,House,0,1,0,0,0,Ruiru,"8,500,000"
5,Townhouse,0,1,0,1,0,Lavington,"50,000,000"
4,House,0,0,0,0,0,Lavington,"170,000,000"
4,House,0,1,0,0,0,Nyali,"20,500,000"
5,NOT PROVIDED,0,0,0,0,0,Roysambu,"23,500,000"
5,House,0,1,0,0,0,Mtwapa,"60,000,000"
5,House,0,1,0,0,0,Westlands,"130,000,000"
5,Villa,0,1,0,0,0,Vipingo,"100,000,000"
3,Townhouse,0,1,0,0,0,Mombasa Road,"12,000,000"
5,House,0,0,1,0,0,Karen,"135,000,000"
4,Townhouse,0,1,0,1,0,Westlands,"70,000,000"
4,Townhouse,0,1,0,0,0,Westlands,"40,000,000"
5,Townhouse,0,1,0,0,0,Roysambu,"29,850,000"
4,House,0,1,0,0,0,Ruiru,"10,500,000"
4,Villa,0,1,0,0,0,Kiambu Road,"28,000,000"
3,House,0,1,0,0,0,Kenyatta Road,"5,250,000"
4,House,0,1,0,0,0,Kitengela,"8,700,000"
4,House,0,1,0,0,0,Thika,"25,000,000"
3,House,0,1,0,0,0,Kitengela,"5,800,000"
3,NOT PROVIDED,0,0,0,0,0,Kitengela,"4,500,000"
4,Townhouse,0,1,0,0,0,Ruiru,"19,000,000"
4,House,0,0,0,1,0,Kiambu Town,"13,500,000"
4,Villa,0,1,0,0,0,Lavington,"65,000,000"
4,House,0,1,0,0,0,Ngong,"16,500,000"
5,Townhouse,0,1,0,0,0,Lavington,"95,000,000"
5,NOT PROVIDED,0,0,0,0,0,Karen,"59,000,000"
4,NOT PROVIDED,0,0,0,0,0,Westlands,"350,000,000"
4,NOT PROVIDED,0,0,0,0,0,Lavington,"185,000,000"
4,House,0,1,0,0,0,Westlands,"45,000,000"
3,House,0,1,0,0,0,Kenyatta Road,"10,050,000"
4,House,0,1,0,0,0,Argwing Kodek Road.,"100,000,000"
4,House,0,0,0,0,0,Roysambu,"55,000,000"
3,House,0,1,0,0,0,Mtwapa,"16,500,000"
3,Villa,0,1,0,0,0,Mtwapa,"17,000,000"
5,NOT PROVIDED,0,0,0,0,0,Karen,"140,000,000"
3,House,0,1,0,0,0,Kitengela,"8,000,000"
4,Townhouse,0,1,0,0,0,Kajiado,"13,000,000"
6,House,0,1,0,0,0,Westlands,"150,000,000"
4,Townhouse,0,1,0,0,0,Langata,"36,000,000"
4,Townhouse,0,1,0,0,0,Westlands,"25,000,000"
5,Villa,0,1,0,0,0,Lavington,"60,000,000"
4,Villa,0,1,0,0,0,Ruiru,"13,800,000"
5,House,0,1,0,0,0,Westlands,"200,000,000"
4,NOT PROVIDED,0,0,0,0,0,Westlands,"35,000,000"
3,House,0,1,0,0,0,Ukunda,"7,499,000"
3,House,0,1,0,0,0,Kileleshwa,"18,000,000"
6,Villa,0,1,0,0,0,Nyali,"60,000,000"
5,House,0,1,0,0,0,Karen,"199,000,000"
4,House,0,1,0,0,0,Kitengela,"16,000,000"
4,House,0,1,0,0,0,Syokimau,"13,800,000"
4,Townhouse,0,0,0,0,0,Lavington,"79,000,000"
3,House,0,1,0,0,0,Ruiru,"7,800,000"
